GOAL_ID,MATCH_ID,PID,DURATION,ASSIST,GOAL_DESC
gl470,mt154,ply1479,4,ply864,right-footed shot
gl471,mt154,ply1075,28,ply864,penalty
gl472,mt154,ply585,69,ply864,right-footed shot
gl473,mt155,ply396,12,ply653,right-footed shot
gl474,mt155,ply1064,81,ply653,right-footed shot
gl475,mt155,ply644,90,ply982,left-footed shot
gl476,mt156,ply654,36,ply293,left-footed shot
gl477,mt157,ply413,39,,left-footed shot
gl478,mt157,ply1075,72,ply1479,penalty
gl479,mt159,ply1480,33,ply1401,left-footed shot
gl480,mt159,ply1422,55,ply1481,penalty
gl481,mt159,ply1422,75,,penalty
gl482,mt160,ply396,48,ply664,right-footed shot
gl483,mt160,,77,,right-footed shot
gl484,mt160,ply1482,90,,own goal
gl485,mt161,ply422,10,,penalty
gl486,mt161,ply424,77,ply585,right-footed shot
gl487,mt162,ply1078,35,,own goal
gl488,mt163,ply87,26,ply1483,right-footed shot
gl489,mt163,ply855,36,ply87,right-footed shot
gl490,mt163,ply86,42,,right-footed shot
gl491,mt163,ply1096,88,ply1100,left-footed shot
gl492,mt164,ply60,30,ply902,penalty
gl493,mt164,ply902,38,ply928,right-footed shot
gl494,mt164,ply87,54,ply855,header
gl495,mt164,ply87,60,ply81,right-footed shot
gl496,mt165,ply586,55,ply564,right-footed shot
gl497,mt165,ply590,90,,penalty
gl498,mt166,ply586,16,ply564,left-footed shot
gl499,mt166,ply586,33,ply567,right-footed shot
gl500,mt166,ply590,47,,left-footed shot
gl501,mt166,ply142,49,ply590,left-footed shot
gl502,mt166,ply586,54,ply142,left-footed shot
gl503,mt167,ply698,1,ply60,left-footed shot
gl504,mt167,ply60,13,ply1484,left-footed shot
gl505,mt167,ply1182,18,ply1485,left-footed shot
gl506,mt168,ply134,47,ply60,right-footed shot
gl507,mt168,ply128,49,ply60,right-footed shot
gl508,mt168,ply928,66,ply902,left-footed shot
gl509,mt168,ply1486,80,ply1486,penalty
gl510,mt169,ply1100,60,ply855,right-footed shot
gl511,mt169,ply493,64,ply68,left-footed shot
gl512,mt170,ply1487,13,ply1184,right-footed shot
gl513,mt170,ply1483,79,ply68,header
gl514,mt171,ply579,58,ply1488,right-footed shot
gl515,mt172,ply86,85,ply1095,left-footed shot
gl516,mt173,ply590,1,,right-footed shot
gl517,mt173,ply1487,62,ply1182,penalty
gl518,mt175,ply1489,56,ply1460,penalty
gl519,mt175,ply1234,59,ply1490,left-footed shot
gl520,mt176,ply1114,37,ply283,left-footed shot
gl521,mt176,ply767,76,,penalty
gl522,mt176,ply294,79,ply767,left-footed shot
gl523,mt176,ply292,90,ply1491,right-footed shot
gl524,mt177,ply1492,55,ply843,right-footed shot
gl525,mt178,ply767,10,ply767,penalty
gl526,mt178,ply767,41,,penalty
gl527,mt178,ply1491,50,ply277,left-footed shot
gl528,mt179,ply1493,17,,free kick
gl529,mt179,ply1494,21,ply1494,penalty
gl530,mt179,ply863,42,ply859,header
gl531,mt179,ply866,69,,left-footed shot
gl532,mt179,ply866,72,ply863,right-footed shot
gl533,mt180,ply1114,22,ply288,right-footed shot
gl534,mt180,ply1489,85,ply1447,header
gl535,mt180,ply26,90,ply767,header
gl536,mt181,ply863,4,,right-footed shot
gl537,mt181,ply1495,56,ply1179,right-footed shot
gl538,mt181,ply1496,90,ply866,right-footed shot
gl539,mt182,ply1494,71,ply1497,right-footed shot
gl540,mt183,ply26,8,ply283,left-footed shot
gl541,mt183,ply26,54,ply286,right-footed shot
gl542,mt183,ply26,74,ply285,header
gl543,mt183,ply26,83,,penalty
gl544,mt184,ply547,24,ply1498,right-footed shot
gl545,mt184,ply284,28,,penalty
gl546,mt185,ply382,32,ply1499,right-footed shot
gl547,mt185,ply866,45,ply861,header
gl548,mt185,ply866,81,ply1500,left-footed shot
gl549,mt185,ply1501,86,,penalty
gl550,mt186,ply1502,63,,left-footed shot
gl551,mt186,ply1503,74,,own goal
gl552,mt186,ply21,90,ply323,left-footed shot
gl553,mt187,ply1325,6,ply496,left-footed shot
gl554,mt187,ply1504,23,,own goal
gl555,mt187,ply662,71,ply217,left-footed shot
gl556,mt187,ply1505,76,ply1325,left-footed shot
gl557,mt188,ply705,78,ply212,penalty
gl558,mt188,ply662,90,ply207,left-footed shot
gl559,mt189,ply496,14,ply1308,left-footed shot
gl560,mt189,ply322,42,ply320,penalty
gl561,mt190,ply1050,32,ply1116,right-footed shot
gl562,mt190,ply1506,82,ply474,left-footed shot
gl563,mt191,ply212,14,,left-footed shot
gl564,mt191,ply662,18,,right-footed shot
gl565,mt191,ply662,32,ply201,left-footed shot
gl566,mt192,ply662,18,ply705,left-footed shot
gl567,mt192,ply705,45,,free kick
gl568,mt192,ply662,60,,left-footed shot
gl569,mt193,ply1325,3,ply1507,right-footed shot
gl570,mt193,,22,ply496,right-footed shot
gl571,mt193,ply1116,25,ply1111,left-footed shot
gl572,mt193,ply1325,55,ply1325,penalty
gl573,mt194,ply198,44,ply212,left-footed shot
gl574,mt194,ply1325,67,,penalty
gl575,mt195,ply21,33,,left-footed shot
gl576,mt195,ply322,58,,penalty
gl577,mt195,ply327,73,ply1502,right-footed shot
gl578,mt196,ply1508,16,ply1062,right-footed shot
gl579,mt196,,68,,right-footed shot
gl580,mt196,ply105,78,ply705,right-footed shot
gl581,mt197,ply496,12,ply1317,right-footed shot
gl582,mt197,ply323,15,ply327,right-footed shot
gl583,mt197,ply1325,27,,penalty
gl584,mt197,ply322,76,ply323,header
gl585,mt198,ply118,46,,left-footed shot
gl586,mt198,ply118,84,ply509,header
gl587,mt199,ply740,27,ply740,penalty
gl588,mt199,ply395,42,ply386,right-footed shot
gl589,mt199,ply1509,52,ply395,right-footed shot
gl590,mt199,ply1510,70,ply1218,penalty
gl591,mt199,ply391,82,ply393,right-footed shot
gl592,mt199,ply393,89,ply740,right-footed shot
gl593,mt200,ply364,28,,penalty
gl594,mt200,ply1511,41,ply353,left-footed shot
gl595,mt200,ply1218,59,ply895,right-footed shot
gl596,mt200,ply1214,90,ply1207,right-footed shot
gl597,mt201,ply393,14,ply740,right-footed shot
gl598,mt201,ply740,90,ply395,penalty
gl599,mt202,ply740,5,ply740,penalty
gl600,mt202,ply384,65,ply395,header
gl601,mt202,ply364,75,,left-footed shot
gl602,mt203,ply118,7,ply509,left-footed shot
gl603,mt203,ply118,60,ply699,right-footed shot
gl604,mt203,ply1110,73,,left-footed shot
gl605,mt203,ply1512,82,,own goal
gl606,mt203,ply1214,90,,right-footed shot
gl607,mt204,ply9,52,ply1513,right-footed shot
gl608,mt204,ply1513,57,ply1514,right-footed shot
gl609,mt204,ply1513,70,ply1513,penalty
gl610,mt204,ply115,90,ply381,left-footed shot
gl611,mt205,ply1515,19,ply1218,
gl612,mt205,ply699,35,ply509,left-footed shot
gl613,mt205,ply118,90,ply509,header
gl614,mt206,ply525,21,ply505,header
gl615,mt206,ply699,57,ply118,right-footed shot
gl616,mt206,ply118,66,ply525,right-footed shot
gl617,mt207,ply115,14,ply381,back heel
gl618,mt207,ply1513,21,ply393,right-footed shot
gl619,mt207,ply393,28,,penalty
gl620,mt208,ply347,60,ply1511,header
gl621,mt209,ply699,13,,penalty
gl622,mt209,ply519,20,ply509,right-footed shot
gl623,mt209,ply699,52,,penalty
gl624,mt210,ply1068,16,ply759,left-footed shot
gl625,mt210,ply1068,20,ply765,left-footed shot
gl626,mt211,ply689,23,,penalty
gl627,mt211,ply702,55,,own goal
gl628,mt211,ply704,87,ply522,right-footed shot
gl629,mt212,ply529,64,ply739,header
gl630,mt212,ply529,79,ply739,left-footed shot
gl631,mt213,ply701,21,ply522,left-footed shot
gl632,mt213,ply704,74,ply689,right-footed shot
gl633,mt213,ply704,78,ply692,right-footed shot
gl634,mt213,ply702,87,ply702,penalty
gl635,mt213,ply704,90,ply702,right-footed shot
gl636,mt214,,13,ply1516,right-footed shot
gl637,mt214,ply1516,40,ply1287,right-footed shot
gl638,mt214,ply702,43,ply684,header
gl639,mt215,ply527,6,ply529,left-footed shot
gl640,mt215,ply765,42,ply1068,right-footed shot
gl641,mt215,ply757,57,,penalty
gl642,mt216,ply689,7,,right-footed shot
gl643,mt216,ply689,19,,left-footed shot
gl644,mt216,ply704,35,ply704,penalty
gl645,mt216,ply1287,75,,free kick
gl646,mt216,ply1517,90,ply701,right-footed shot
gl647,mt217,ply741,11,ply527,penalty
gl648,mt218,ply766,26,ply137,right-footed shot
gl649,mt218,ply727,43,ply757,left-footed shot
gl650,mt218,ply1518,45,ply1516,left-footed shot
gl651,mt218,ply756,66,ply1068,right-footed shot
gl652,mt218,ply1518,72,,left-footed shot
gl653,mt218,ply1518,85,,free kick
gl654,mt218,ply1519,90,ply766,left-footed shot
gl655,mt219,ply741,6,,right-footed shot
gl656,mt219,ply704,32,ply687,right-footed shot
gl657,mt219,ply726,69,ply748,right-footed shot
gl658,mt219,ply741,90,ply1520,left-footed shot
gl659,mt220,ply1068,2,ply137,left-footed shot
gl660,mt220,ply758,13,ply1068,right-footed shot
gl661,mt220,ply1521,69,ply765,right-footed shot
gl662,mt220,ply689,80,,penalty
gl663,mt220,ply568,82,,own goal
gl664,mt221,ply741,21,ply735,right-footed shot
gl665,mt221,ply741,38,ply739,right-footed shot
gl666,mt221,ply739,42,ply741,penalty
gl667,mt221,ply741,50,ply527,right-footed shot
gl668,mt221,,57,ply1518,
gl669,mt221,ply739,62,ply527,right-footed shot
gl670,mt222,ply590,53,,left-footed shot
gl671,mt222,ply142,58,ply579,right-footed shot
gl672,mt223,ply740,27,ply386,penalty
gl673,mt223,ply739,32,ply735,left-footed shot
gl674,mt223,ply739,65,,left-footed shot
gl675,mt223,ply529,70,ply521,header
gl676,mt223,ply739,85,ply922,right-footed shot
gl677,mt224,ply432,2,,right-footed shot
gl678,mt224,ply1479,46,ply415,left-footed shot
gl679,mt224,ply525,82,ply523,right-footed shot
gl680,mt225,ply869,7,ply854,right-footed shot
gl681,mt225,ply210,19,ply662,right-footed shot
gl682,mt225,ply662,27,ply705,left-footed shot
gl683,mt225,ply662,43,ply225,left-footed shot
gl684,mt225,ply1492,84,ply1500,right-footed shot
gl685,mt226,ply398,9,,left-footed shot
gl686,mt226,ply136,24,ply133,right-footed shot
gl687,mt226,ply144,42,,right-footed shot
gl688,mt226,ply474,47,,own goal
gl689,mt226,ply496,49,ply1317,right-footed shot
gl690,mt227,ply26,68,,left-footed shot
gl691,mt228,ply652,29,ply644,header
gl692,mt228,ply1064,65,ply652,left-footed shot
gl693,mt229,ply821,86,ply828,right-footed shot
gl694,mt230,ply1075,19,,penalty
gl695,mt230,ply525,49,ply699,right-footed shot
gl696,mt230,ply525,63,ply509,header
gl697,mt230,ply1075,115,,free kick
gl698,mt230,ply523,117,ply1112,header
gl699,mt231,ply662,35,ply225,left-footed shot
gl700,mt231,ply662,54,,penalty
gl701,mt231,ply866,69,,penalty
gl702,mt231,ply866,90,ply863,header
gl703,mt232,ply590,70,ply586,left-footed shot
gl704,mt232,ply142,74,ply30,right-footed shot
gl705,mt233,ply739,31,,penalty
gl706,mt233,ply740,37,ply391,left-footed shot
gl707,mt234,ply653,12,ply664,left-footed shot
gl708,mt234,ply656,18,ply654,right-footed shot
gl709,mt235,ply831,34,ply828,right-footed shot
gl710,mt235,ply729,60,ply837,penalty
gl711,mt235,ply86,83,,free kick
gl712,mt235,ply834,84,ply833,left-footed shot
gl713,mt236,ply398,33,,penalty
gl714,mt236,ply139,73,ply816,right-footed shot
gl715,mt236,,82,ply1522,header
gl716,mt237,ply294,34,ply767,right-footed shot
gl717,mt237,ply1523,90,ply292,left-footed shot
gl718,mt238,ply653,19,ply664,right-footed shot
gl719,mt238,ply225,84,ply662,right-footed shot
gl720,mt238,ply654,90,ply656,left-footed shot
gl721,mt239,ply837,27,ply827,right-footed shot
gl722,mt239,ply834,36,,left-footed shot
gl723,mt239,ply590,51,,left-footed shot
gl724,mt239,ply837,65,ply828,right-footed shot
gl725,mt240,ply288,32,ply284,right-footed shot
gl726,mt240,ply274,85,,right-footed shot
gl727,mt241,ply739,3,ply741,right-footed shot
gl728,mt241,ply726,28,ply741,right-footed shot
gl729,mt241,ply139,37,ply129,header
gl730,mt241,ply143,60,ply135,header
gl731,mt241,ply739,68,ply527,right-footed shot
gl732,mt242,ply432,90,ply1524,right-footed shot
gl733,mt243,ply139,40,,header
gl734,mt244,ply207,15,,right-footed shot
gl735,mt244,ply664,55,,penalty
gl736,mt244,ply654,75,ply652,left-footed shot
gl737,mt246,ply292,14,ply824,right-footed shot
gl738,mt246,ply831,29,ply819,right-footed shot
gl739,mt247,ply726,15,ply527,header
gl740,mt247,ply653,64,ply1070,right-footed shot
gl741,mt247,ply664,71,,free kick
gl742,mt248,ply664,11,,right-footed shot
gl743,mt248,ply664,63,ply654,left-footed shot
gl744,mt249,ply767,28,,header
gl745,mt249,ply288,85,ply292,right-footed shot
gl746,mt250,ply283,42,ply288,left-footed shot
gl747,mt252,ply527,14,ply724,left-footed shot
gl748,mt252,ply527,33,ply1066,left-footed shot
gl749,mt252,ply201,90,ply724,right-footed shot
gl750,mt253,ply1502,9,ply1849,left-footed shot
gl751,mt253,ply1502,39,,right-footed shot
gl752,mt253,ply729,55,ply831,header
gl753,mt253,ply690,85,ply827,header
gl754,mt254,ply1649,52,ply733,left-footed shot
gl755,mt255,ply1649,7,ply527,right-footed shot
gl756,mt255,ply739,61,,header
gl757,mt255,ply1649,63,ply739,left-footed shot
gl758,mt255,ply739,79,ply527,right-footed shot
gl759,mt255,ply739,83,ply527,left-footed shot
gl760,mt256,ply827,18,ply832,right-footed shot
gl761,mt257,ply1649,22,ply1850,right-footed shot
gl762,mt258,ply836,4,ply1371,left-footed shot
gl763,mt258,ply836,7,ply1371,header
gl764,mt258,ply729,14,ply827,penalty
gl765,mt258,ply831,45,ply836,right-footed shot
gl766,mt258,ply831,81,ply818,left-footed shot
gl767,mt258,ply836,90,ply831,right-footed shot
gl768,mt259,ply1851,11,ply1852,right-footed shot
gl769,mt259,ply1853,90,ply305,left-footed shot
gl770,mt260,ply831,17,,right-footed shot
gl771,mt260,ply831,79,ply1371,header
gl772,mt260,ply739,81,ply201,left-footed shot
gl773,mt260,ply733,83,,left-footed shot
gl774,mt261,ply1649,32,ply739,right-footed shot
gl775,mt261,ply733,35,ply741,right-footed shot
gl1,mt1,ply643,16,ply655,header
gl2,mt1,ply727,28,,own goal
gl3,mt1,ply765,42,ply727,header
gl4,mt1,ply664,45,,penalty
gl5,mt1,ply765,51,ply756,header
gl6,mt1,ply655,56,ply648,right-footed shot
gl7,mt1,ply765,73,ply766,right-footed shot
gl8,mt1,ply644,75,ply656,right-footed shot
gl9,mt1,ply1064,85,ply648,right-footed shot
gl10,mt2,ply1065,15,ply739,left-footed shot
gl11,mt2,ply322,27,ply311,right-footed shot
gl12,mt3,ply1066,8,,right-footed shot
gl13,mt3,ply740,74,ply739,left-footed shot
gl14,mt4,ply765,5,ply757,right-footed shot
gl15,mt4,ply322,22,ply21,right-footed shot
gl16,mt4,ply320,40,ply322,right-footed shot
gl17,mt5,ply644,30,ply654,right-footed shot
gl18,mt5,ply664,43,,penalty
gl19,mt5,ply650,53,ply653,right-footed shot
gl20,mt5,ply657,67,ply293,left-footed shot
gl21,mt5,ply322,81,ply323,right-footed shot
gl22,mt5,ply664,84,ply1067,left-footed shot
gl23,mt6,ply739,9,ply922,right-footed shot
gl24,mt6,ply763,28,ply1068,right-footed shot
gl25,mt6,ply727,57,ply1068,right-footed shot
gl26,mt6,ply740,67,,left-footed shot
gl27,mt6,ply740,74,,penalty
gl28,mt7,ply765,8,ply763,header
gl29,mt7,ply1069,21,ply739,left-footed shot
gl30,mt7,ply1069,39,ply726,header
gl31,mt7,ply762,90,,penalty
gl32,mt8,ply654,15,ply644,right-footed shot
gl33,mt8,ply649,17,,own goal
gl34,mt8,ply664,54,ply644,header
gl35,mt8,ply293,72,ply656,right-footed shot
gl36,mt8,ply1064,90,ply644,right-footed shot
gl37,mt9,ply739,50,ply740,right-footed shot
gl38,mt9,ply293,63,ply1064,left-footed shot
gl39,mt9,ply1064,76,ply652,left-footed shot
gl40,mt10,ply765,12,,left-footed shot
gl41,mt10,ply757,17,,penalty
gl42,mt10,ply763,26,ply1068,header
gl43,mt10,ply757,45,ply765,right-footed shot
gl44,mt10,ply765,90,,right-footed shot
gl45,mt11,ply762,24,ply760,left-footed shot
gl46,mt11,ply763,71,ply757,right-footed shot
gl47,mt11,ply664,76,ply1070,header
gl48,mt12,ply739,2,,right-footed shot
gl49,mt12,ply739,7,ply527,right-footed shot
gl50,mt12,ply740,38,ply739,left-footed shot
gl51,mt12,ply320,68,ply327,left-footed shot
gl52,mt12,ply740,76,,penalty
gl53,mt14,ply16,9,,own goal
gl54,mt14,ply32,42,ply31,right-footed shot
gl55,mt14,ply20,44,,left-footed shot
gl56,mt14,ply590,49,ply30,left-footed shot
gl57,mt14,ply578,69,,right-footed shot
gl58,mt15,ply590,18,,left-footed shot
gl59,mt15,ply142,45,,left-footed shot
gl60,mt15,ply590,60,ply579,left-footed shot
gl61,mt15,ply432,75,ply1071,header
gl62,mt15,ply589,77,ply579,left-footed shot
gl63,mt15,ply589,81,,right-footed shot
gl64,mt16,ply31,20,,right-footed shot
gl65,mt16,ply115,84,ply1072,left-footed shot
gl66,mt16,ply1073,90,,penalty
gl67,mt17,ply590,8,ply572,left-footed shot
gl68,mt17,ply580,13,,right-footed shot
gl69,mt17,ply115,20,ply109,left-footed shot
gl70,mt17,ply115,34,ply116,left-footed shot
gl71,mt17,ply590,78,,penalty
gl72,mt18,ply585,65,ply432,right-footed shot
gl73,mt19,ply585,6,ply421,right-footed shot
gl74,mt19,ply1074,61,,own goal
gl75,mt20,ply586,13,ply564,header
gl76,mt20,ply142,21,ply564,left-footed shot
gl77,mt21,ply583,52,,right-footed shot
gl78,mt21,ply590,70,ply578,left-footed shot
gl79,mt22,ply29,87,ply388,header
gl80,mt23,ply115,56,ply111,right-footed shot
gl81,mt23,ply114,90,ply115,right-footed shot
gl82,mt23,ply108,90,,right-footed shot
gl83,mt23,ply1075,90,,penalty
gl84,mt24,ply16,29,,right-footed shot
gl85,mt24,ply590,36,,left-footed shot
gl86,mt24,ply30,55,,header
gl87,mt25,ply207,20,ply201,right-footed shot
gl88,mt25,ply662,45,ply207,left-footed shot
gl89,mt25,ply169,90,ply1076,header
gl90,mt26,ply221,2,,header
gl91,mt26,ply221,9,ply698,right-footed shot
gl92,mt26,ply961,33,ply1077,left-footed shot
gl93,mt26,ply49,39,ply134,left-footed shot
gl94,mt26,ply221,51,ply698,left-footed shot
gl95,mt26,ply221,63,ply128,left-footed shot
gl96,mt27,ply49,17,ply60,left-footed shot
gl97,mt27,ply221,43,ply49,right-footed shot
gl98,mt28,ply222,37,ply207,right-footed shot
gl99,mt29,ply940,15,ply942,header
gl100,mt29,ply328,25,ply1076,header
gl101,mt29,ply940,27,ply961,header
gl102,mt29,ply733,44,,penalty
gl103,mt29,ply961,89,ply962,left-footed shot
gl104,mt30,ply225,11,,own goal
gl105,mt30,ply39,25,ply221,left-footed shot
gl106,mt30,ply698,57,ply221,left-footed shot
gl107,mt30,ply221,72,ply39,header
gl108,mt31,ply225,37,,penalty
gl109,mt31,ply60,72,ply698,left-footed shot
gl110,mt31,ply221,83,ply698,header
gl111,mt31,ply52,90,ply698,right-footed shot
gl112,mt32,ply962,31,,penalty
gl113,mt32,ply962,38,ply1077,right-footed shot
gl114,mt32,ply961,41,ply947,left-footed shot
gl115,mt32,ply733,56,ply944,right-footed shot
gl116,mt33,ply187,22,,penalty
gl117,mt33,ply221,54,ply1078,left-footed shot
gl118,mt33,ply221,69,ply682,right-footed shot
gl119,mt34,ply962,30,,right-footed shot
gl120,mt34,ply962,39,,right-footed shot
gl121,mt34,ply946,81,,header
gl122,mt34,ply222,90,ply225,left-footed shot
gl123,mt35,ply221,8,,penalty
gl124,mt35,ply960,22,ply1079,left-footed shot
gl125,mt35,ply698,42,,left-footed shot
gl126,mt35,ply928,58,ply1080,left-footed shot
gl127,mt35,ply49,62,ply52,left-footed shot
gl128,mt35,ply1079,78,ply947,left-footed shot
gl129,mt36,ply222,29,ply207,left-footed shot
gl130,mt36,ply225,45,,penalty
gl131,mt36,ply225,53,ply210,right-footed shot
gl132,mt36,ply662,68,ply205,header
gl133,mt36,ply662,81,ply210,header
gl134,mt37,ply1081,16,ply1082,left-footed shot
gl135,mt37,ply1083,62,ply1082,header
gl136,mt38,ply836,89,ply825,left-footed shot
gl137,mt40,ply1084,25,ply1082,header
gl138,mt40,ply831,65,,penalty
gl139,mt40,ply1085,90,ply1081,left-footed shot
gl140,mt41,ply880,37,,own goal
gl141,mt41,ply837,51,ply828,right-footed shot
gl142,mt41,ply837,56,,left-footed shot
gl143,mt41,ply836,65,ply837,left-footed shot
gl144,mt41,ply831,90,ply834,right-footed shot
gl145,mt42,ply497,34,ply1086,left-footed shot
gl146,mt42,ply1085,52,,free kick
gl147,mt42,ply1086,58,ply497,left-footed shot
gl148,mt42,ply480,67,ply482,right-footed shot
gl149,mt43,ply831,14,ply837,right-footed shot
gl150,mt43,ply803,39,ply1087,right-footed shot
gl151,mt43,ply831,61,ply837,right-footed shot
gl152,mt44,ply488,54,ply1086,right-footed shot
gl153,mt44,ply484,66,,right-footed shot
gl154,mt44,ply1088,82,,right-footed shot
gl155,mt44,ply1081,90,ply1085,header
gl156,mt45,ply497,61,,right-footed shot
gl157,mt45,ply497,67,ply1089,header
gl158,mt46,ply816,30,,free kick
gl159,mt46,ply827,45,ply836,right-footed shot
gl160,mt46,ply831,55,ply821,right-footed shot
gl161,mt47,ply827,17,ply836,left-footed shot
gl162,mt47,ply834,79,ply818,left-footed shot
gl163,mt48,ply803,42,ply880,right-footed shot
gl164,mt48,ply1090,90,,right-footed shot
gl165,mt49,ply143,34,ply144,right-footed shot
gl166,mt49,ply398,56,,left-footed shot
gl167,mt49,ply398,85,,left-footed shot
gl168,mt51,ply588,3,,right-footed shot
gl169,mt51,ply933,69,ply925,right-footed shot
gl170,mt51,ply588,79,,penalty
gl171,mt52,ply398,12,,penalty
gl172,mt52,ply398,27,ply143,right-footed shot
gl173,mt52,ply141,68,ply144,right-footed shot
gl174,mt52,ply144,74,ply143,left-footed shot
gl175,mt52,ply139,87,ply129,header
gl176,mt53,ply384,36,ply381,right-footed shot
gl177,mt54,ply144,70,,free kick
gl178,mt54,ply1091,80,,own goal
gl179,mt54,ply398,82,ply144,left-footed shot
gl180,mt54,ply144,84,ply131,left-footed shot
gl181,mt55,ply398,26,ply140,header
gl182,mt55,ply141,32,ply398,back heel
gl183,mt55,ply917,38,ply907,header
gl184,mt55,ply144,49,ply125,left-footed shot
gl185,mt55,ply398,61,ply144,right-footed shot
gl186,mt55,ply588,74,ply925,right-footed shot
gl187,mt55,ply398,84,ply122,right-footed shot
gl188,mt56,ply395,70,,right-footed shot
gl189,mt57,ply398,14,,bicycle kick
gl190,mt57,ply140,42,ply1092,right-footed shot
gl191,mt57,ply355,70,ply364,right-footed shot
gl192,mt59,ply143,34,ply398,header
gl193,mt59,ply144,43,ply140,left-footed shot
gl194,mt59,ply136,62,ply125,left-footed shot
gl195,mt60,ply333,16,ply925,left-footed shot
gl196,mt60,ply914,21,,right-footed shot
gl197,mt61,ply699,13,ply689,right-footed shot
gl198,mt61,ply1093,66,ply265,left-footed shot
gl199,mt61,ply1094,90,,right-footed shot
gl200,mt62,ply1095,6,ply87,right-footed shot
gl201,mt62,ply1025,39,,left-footed shot
gl202,mt62,ply1028,73,ply1030,right-footed shot
gl203,mt62,ply493,83,ply1096,left-footed shot
gl204,mt63,ply1097,68,ply87,left-footed shot
gl205,mt64,ply1098,53,ply1028,right-footed shot
gl206,mt64,ply844,60,ply689,left-footed shot
gl207,mt64,ply699,90,ply1099,right-footed shot
gl208,mt65,ply81,15,ply76,left-footed shot
gl209,mt65,ply66,29,ply79,header
gl210,mt65,ply704,53,ply689,right-footed shot
gl211,mt65,ply680,75,ply689,right-footed shot
gl212,mt65,ply699,81,ply684,header
gl213,mt66,ply1033,6,ply1015,header
gl214,mt66,ply1030,16,ply1020,header
gl215,mt66,ply265,77,ply259,right-footed shot
gl216,mt66,ply1006,88,,left-footed shot
gl217,mt66,ply1027,90,ply1030,left-footed shot
gl218,mt67,ply1100,12,ply87,left-footed shot
gl219,mt67,ply699,45,ply689,right-footed shot
gl220,mt67,ply87,56,ply71,left-footed shot
gl221,mt67,ply699,90,ply701,right-footed shot
gl222,mt68,ply1017,36,,left-footed shot
gl223,mt68,ply1028,89,,right-footed shot
gl224,mt69,ply699,78,,right-footed shot
gl225,mt69,ply705,90,ply689,right-footed shot
gl226,mt70,ply87,10,ply1095,right-footed shot
gl227,mt70,ply1094,39,ply1101,header
gl228,mt70,ply71,51,ply81,left-footed shot
gl229,mt70,ply262,80,ply1093,left-footed shot
gl230,mt70,ply1102,85,,left-footed shot
gl231,mt70,ply86,88,,free kick
gl232,mt71,ply701,9,ply684,left-footed shot
gl233,mt71,ply259,42,,right-footed shot
gl234,mt72,ply1028,3,ply1020,left-footed shot
gl235,mt72,ply1017,42,ply1103,right-footed shot
gl236,mt72,ply1028,51,ply1030,left-footed shot
gl237,mt72,ply80,71,ply69,left-footed shot
gl238,mt72,ply87,80,ply1100,right-footed shot
gl239,mt73,ply800,21,,penalty
gl240,mt73,ply863,42,,penalty
gl241,mt75,ply219,35,,penalty
gl242,mt75,ply219,53,,penalty
gl243,mt75,ply1104,62,,free kick
gl244,mt76,ply1105,48,,left-footed shot
gl245,mt76,ply863,87,,penalty
gl246,mt77,ply219,3,ply799,left-footed shot
gl247,mt77,ply991,15,ply978,header
gl248,mt77,ply806,65,ply1106,right-footed shot
gl249,mt77,ply806,77,ply781,right-footed shot
gl250,mt79,ply971,3,ply980,right-footed shot
gl251,mt79,ply789,30,,free kick
gl252,mt79,ply991,60,ply978,right-footed shot
gl253,mt80,ply59,15,ply868,right-footed shot
gl254,mt80,ply553,43,,penalty
gl255,mt80,ply1107,51,ply1108,right-footed shot
gl256,mt81,ply553,31,ply1104,left-footed shot
gl257,mt82,ply859,12,ply863,header
gl258,mt82,ply868,90,ply59,right-footed shot
gl259,mt83,ply806,50,ply219,right-footed shot
gl260,mt84,ply1104,11,ply1107,left-footed shot
gl261,mt84,ply553,72,ply548,left-footed shot
gl262,mt84,ply548,78,ply1107,right-footed shot
gl263,mt84,ply1105,89,ply978,left-footed shot
gl264,mt85,ply498,69,ply273,header
gl265,mt86,ply505,23,ply1109,header
gl266,mt86,ply1110,45,,penalty
gl267,mt86,ply118,45,,right-footed shot
gl268,mt87,ply1049,9,ply1043,right-footed shot
gl269,mt87,ply1052,49,ply1111,header
gl270,mt87,ply1062,80,,left-footed shot
gl271,mt87,ply1055,90,,right-footed shot
gl272,mt88,ply525,46,ply1112,left-footed shot
gl273,mt89,ply1113,86,ply511,header
gl274,mt90,ply378,9,ply279,right-footed shot
gl275,mt90,ply284,21,,penalty
gl276,mt90,ply283,48,ply1114,left-footed shot
gl277,mt90,ply284,57,,penalty
gl278,mt91,ply294,56,ply1114,left-footed shot
gl279,mt92,ply1110,11,,left-footed shot
gl280,mt92,ply507,26,,own goal
gl281,mt92,ply1110,58,,penalty
gl282,mt92,ply525,73,ply1112,left-footed shot
gl283,mt92,ply118,82,ply1110,left-footed shot
gl284,mt92,ply1115,90,ply1116,right-footed shot
gl285,mt93,ply280,25,ply824,right-footed shot
gl286,mt93,ply277,55,,right-footed shot
gl287,mt93,ply1114,58,ply287,left-footed shot
gl288,mt93,ply767,90,ply294,right-footed shot
gl289,mt94,ply628,28,ply1117,right-footed shot
gl290,mt94,ply1111,90,,penalty
gl291,mt95,ply767,2,ply378,right-footed shot
gl292,mt95,ply1049,38,ply1043,header
gl293,mt95,ply1115,41,ply1059,right-footed shot
gl294,mt95,ply498,62,ply767,left-footed shot
gl295,mt95,ply767,85,ply292,right-footed shot
gl296,mt95,ply1118,90,,right-footed shot
gl297,mt96,ply529,18,ply1112,header
gl298,mt97,ply664,7,ply653,right-footed shot
gl299,mt97,ply652,17,,left-footed shot
gl300,mt97,ply654,32,ply664,right-footed shot
gl301,mt97,ply652,44,ply293,left-footed shot
gl302,mt97,ply293,58,ply652,right-footed shot
gl303,mt98,ply739,90,ply741,right-footed shot
gl304,mt99,ply802,21,ply1119,right-footed shot
gl305,mt99,ply140,90,ply143,left-footed shot
gl306,mt100,ply589,75,ply572,header
gl307,mt100,ply590,83,ply574,left-footed shot
gl308,mt101,ply283,8,ply294,header
gl309,mt101,ply292,63,ply285,right-footed shot
gl310,mt102,ply532,1,ply510,right-footed shot
gl311,mt102,ply1020,66,ply1017,left-footed shot
gl312,mt103,ply60,18,ply128,right-footed shot
gl313,mt103,ply221,26,,own goal
gl314,mt103,ply221,29,,left-footed shot
gl315,mt103,ply333,72,,header
gl316,mt104,ply116,7,ply1072,header
gl317,mt104,ply700,80,ply689,right-footed shot
gl318,mt105,ply398,12,,penalty
gl319,mt105,ply398,21,,penalty
gl320,mt105,ply398,23,,right-footed shot
gl321,mt105,ply141,31,ply140,right-footed shot
gl322,mt105,ply143,54,ply144,left-footed shot
gl323,mt105,ply797,70,ply1119,left-footed shot
gl324,mt105,ply143,83,ply144,left-footed shot
gl325,mt105,ply144,85,ply398,left-footed shot
gl326,mt106,ply499,61,ply1088,right-footed shot
gl327,mt108,ply739,39,ply741,right-footed shot
gl328,mt108,ply831,61,ply837,right-footed shot
gl329,mt108,ply831,76,ply828,right-footed shot
gl330,mt108,ply831,78,,right-footed shot
gl331,mt109,ply588,77,ply907,header
gl332,mt110,ply1072,41,ply115,header
gl333,mt111,ply1104,38,,penalty
gl334,mt111,ply292,45,ply284,right-footed shot
gl335,mt111,ply273,71,ply288,right-footed shot
gl336,mt112,ply1030,78,,penalty
gl337,mt112,ply1014,85,ply1120,right-footed shot
gl338,mt112,ply1028,90,,penalty
gl339,mt113,ply653,70,ply654,right-footed shot
gl340,mt114,ply568,17,ply572,header
gl341,mt114,ply142,34,ply585,right-footed shot
gl342,mt114,ply588,49,ply933,right-footed shot
gl343,mt114,ply585,87,ply580,left-footed shot
gl344,mt115,ply831,21,ply837,header
gl345,mt115,ply831,24,ply828,header
gl346,mt115,ply283,40,ply284,header
gl347,mt115,ply831,46,,right-footed shot
gl348,mt116,ply1028,8,ply1020,left-footed shot
gl349,mt117,ply288,15,ply767,right-footed shot
gl350,mt117,ply824,51,ply288,header
gl351,mt117,ply767,75,ply286,right-footed shot
gl352,mt117,ply836,80,ply828,right-footed shot
gl353,mt117,ply831,96,ply837,header
gl354,mt118,ply398,52,ply143,right-footed shot
gl355,mt118,ply1027,88,ply1030,left-footed shot
gl356,mt120,ply568,21,ply573,header
gl357,mt120,ply930,32,,right-footed shot
gl358,mt120,ply589,55,ply586,right-footed shot
gl359,mt120,ply589,65,ply573,right-footed shot
gl360,mt120,ply333,73,ply907,left-footed shot
gl361,mt120,ply588,82,ply925,right-footed shot
gl362,mt121,ply653,2,ply664,header
gl363,mt121,ply1064,11,ply653,right-footed shot
gl364,mt121,ply831,33,ply821,left-footed shot
gl365,mt121,ply654,53,ply1067,header
gl366,mt121,ply837,55,ply821,right-footed shot
gl367,mt121,ply652,74,ply1070,left-footed shot
gl368,mt121,ply831,82,,penalty
gl369,mt122,ply1121,53,,own goal
gl370,mt122,ply142,55,ply590,right-footed shot
gl371,mt123,ply1122,3,ply1017,right-footed shot
gl372,mt123,ply1019,41,ply1017,header
gl373,mt123,ply577,62,ply590,right-footed shot
gl374,mt123,ply585,67,ply564,header
gl375,mt123,ply142,74,ply580,left-footed shot
gl376,mt124,ply664,73,ply652,left-footed shot
gl377,mt124,ply836,90,ply831,right-footed shot
gl378,mt124,ply836,0,ply834,
gl379,mt124,ply831,95,ply831,penalty
gl380,mt125,ply837,59,ply830,right-footed shot
gl381,mt126,,19,ply1350,header
gl382,mt126,ply762,45,,right-footed shot
gl383,mt126,,50,ply1461,right-footed shot
gl384,mt126,ply1462,75,ply1340,header
gl385,mt127,ply140,28,ply135,right-footed shot
gl386,mt127,ply133,41,ply140,right-footed shot
gl387,mt127,ply1092,66,,right-footed shot
gl388,mt127,ply140,72,ply143,right-footed shot
gl389,mt128,ply133,13,ply129,header
gl390,mt128,ply1347,70,ply1463,left-footed shot
gl391,mt128,ply135,79,ply1464,right-footed shot
gl392,mt129,ply112,29,,left-footed shot
gl393,mt129,ply762,40,ply1465,right-footed shot
gl394,mt129,ply94,47,,own goal
gl395,mt129,ply116,52,ply114,right-footed shot
gl396,mt129,ply116,85,ply111,right-footed shot
gl397,mt130,ply96,18,ply1466,header
gl398,mt130,ply1347,25,,penalty
gl399,mt131,ply1465,4,,left-footed shot
gl400,mt131,ply398,21,ply143,penalty
gl401,mt131,ply1106,44,,own goal
gl402,mt131,ply1467,66,ply1468,right-footed shot
gl403,mt131,ply1469,79,ply135,header
gl404,mt131,ply144,83,ply135,left-footed shot
gl405,mt131,ply398,88,ply1464,header
gl406,mt131,ply127,90,,left-footed shot
gl407,mt133,ply398,43,,left-footed shot
gl408,mt133,ply140,52,ply133,right-footed shot
gl409,mt133,ply144,68,ply140,header
gl410,mt133,ply1465,73,ply1106,left-footed shot
gl411,mt134,ply1465,28,ply1470,right-footed shot
gl412,mt134,ply1465,41,ply804,left-footed shot
gl413,mt134,ply1347,79,ply1463,penalty
gl414,mt134,ply219,81,,right-footed shot
gl415,mt135,ply116,26,ply112,right-footed shot
gl416,mt135,ply143,86,ply143,penalty
gl417,mt136,ply206,63,ply1471,header
gl418,mt136,ply139,80,ply141,right-footed shot
gl419,mt137,ply99,39,ply107,header
gl420,mt137,ply107,86,ply114,right-footed shot
gl421,mt138,ply1472,29,ply878,left-footed shot
gl422,mt138,ply686,33,,own goal
gl423,mt138,ply1473,42,ply1472,right-footed shot
gl424,mt138,ply828,54,ply1371,right-footed shot
gl425,mt138,ply837,59,,right-footed shot
gl426,mt139,ply498,49,ply479,right-footed shot
gl427,mt139,ply1126,63,,penalty
gl428,mt139,ply1137,84,ply1141,right-footed shot
gl429,mt139,ply498,90,ply475,left-footed shot
gl430,mt141,ply1149,33,ply1147,left-footed shot
gl431,mt141,ply1149,58,,right-footed shot
gl432,mt141,ply831,87,ply690,left-footed shot
gl433,mt141,ply690,90,ply729,right-footed shot
gl434,mt142,ply1147,8,ply1131,right-footed shot
gl435,mt142,ply875,17,,own goal
gl436,mt142,ply1147,26,ply1148,right-footed shot
gl437,mt142,ply1126,44,ply1137,left-footed shot
gl438,mt142,ply1148,65,ply1147,right-footed shot
gl439,mt142,ply1147,79,ply1149,right-footed shot
gl440,mt143,ply831,25,,right-footed shot
gl441,mt143,ply729,33,ply827,header
gl442,mt143,ply499,35,ply487,right-footed shot
gl443,mt143,ply1089,68,ply499,left-footed shot
gl444,mt143,ply836,80,ply837,right-footed shot
gl445,mt144,ply1148,17,ply1149,penalty
gl446,mt144,ply1127,34,ply1148,header
gl447,mt144,ply1474,45,,bicycle kick
gl448,mt144,ply1475,77,,free kick
gl449,mt145,ply832,7,ply822,penalty
gl450,mt145,ply723,59,,own goal
gl451,mt146,ply1476,57,,left-footed shot
gl452,mt146,ply1473,82,,right-footed shot
gl453,mt147,ply479,17,ply491,right-footed shot
gl454,mt147,ply1147,45,ply1477,header
gl455,mt147,ply498,64,ply488,right-footed shot
gl456,mt147,ply498,73,ply723,left-footed shot
gl457,mt147,ply1147,76,ply1149,right-footed shot
gl458,mt149,ply831,9,ply833,header
gl459,mt149,ply831,32,ply836,header
gl460,mt150,ply585,14,ply424,right-footed shot
gl461,mt150,,20,ply293,penalty
gl462,mt150,ply656,65,,free kick
gl463,mt150,ply396,73,ply654,right-footed shot
gl464,mt151,ply1478,90,ply1392,header
gl465,mt152,ply1071,11,,left-footed shot
gl466,mt152,ply1075,85,ply1479,header
gl467,mt153,ply396,18,ply653,right-footed shot
gl468,mt153,ply656,76,ply293,left-footed shot
gl469,mt153,ply293,81,ply653,right-footed shot
gl776,mt261,ply741,46,ply739,left-footed shot
gl777,mt261,ply739,63,ply741,right-footed shot
gl778,mt261,ply1840,84,ply739,penalty
gl779,mt262,ply836,53,ply817,left-footed shot
gl780,mt262,ply322,55,ply1502,right-footed shot
gl781,mt262,ply837,64,ply836,right-footed shot
gl782,mt262,ply828,90,ply690,right-footed shot
gl783,mt263,ply1801,26,,penalty
gl784,mt263,ply1802,30,ply1783,right-footed shot
gl785,mt263,ply1854,44,ply1392,right-footed shot
gl786,mt263,ply1392,54,,penalty
gl787,mt264,ply140,34,ply1089,header
gl788,mt264,ply398,80,,right-footed shot
gl789,mt264,ply143,90,ply583,right-footed shot
gl790,mt265,ply1805,12,ply1769,right-footed shot
gl791,mt265,ply135,15,,right-footed shot
gl792,mt265,ply398,45,,right-footed shot
gl793,mt265,ply141,53,ply129,right-footed shot
gl794,mt265,ply141,55,ply1092,left-footed shot
gl795,mt265,ply1801,61,,penalty
gl796,mt265,ply141,83,ply583,right-footed shot
gl797,mt265,ply398,87,ply1509,right-footed shot
gl798,mt265,ply141,88,ply1092,right-footed shot
gl799,mt266,ply1855,37,,left-footed shot
gl800,mt266,ply1856,62,,left-footed shot
gl801,mt266,ply1569,87,,header
gl802,mt266,ply1857,90,,header
gl803,mt267,ply1801,9,ply867,header
gl804,mt267,ply1805,16,ply867,left-footed shot
gl805,mt267,ply1805,44,ply1769,left-footed shot
gl806,mt267,ply867,57,ply1120,left-footed shot
gl807,mt267,ply1801,72,ply1769,right-footed shot
gl808,mt268,ply1397,23,ply573,header
gl809,mt268,ply398,34,,left-footed shot
gl810,mt268,ply398,62,ply143,right-footed shot
gl811,mt268,ply1092,75,,right-footed shot
gl812,mt268,ply1858,79,,right-footed shot
gl813,mt269,ply398,69,ply140,right-footed shot
gl814,mt269,ply1089,89,,left-footed shot
gl815,mt270,ply1021,34,,right-footed shot
gl816,mt270,ply1805,57,ply176,left-footed shot
gl817,mt270,ply1805,61,,right-footed shot
gl818,mt270,ply691,85,ply1804,right-footed shot
gl819,mt271,ply1397,6,,left-footed shot
gl820,mt271,ply1855,19,ply1858,right-footed shot
gl821,mt271,ply176,45,ply1120,right-footed shot
gl822,mt271,ply1801,50,ply1802,right-footed shot
gl823,mt271,ply1120,73,ply1805,right-footed shot
gl824,mt271,ply1801,77,ply691,header
gl825,mt272,ply133,14,ply1509,header
gl826,mt272,ply398,53,,penalty
gl827,mt272,ply398,60,ply1092,right-footed shot
gl828,mt272,ply398,64,ply129,header
gl829,mt272,ply398,68,ply1089,right-footed shot
gl830,mt272,ply1092,89,ply1089,right-footed shot
gl831,mt273,ply140,14,ply141,right-footed shot
gl832,mt273,ply1804,20,,left-footed shot
gl833,mt273,ply143,45,,left-footed shot
gl834,mt273,ply1509,64,ply125,right-footed shot
gl835,mt274,ply1397,87,,penalty
gl836,mt275,ply664,24,,left-footed shot
gl837,mt275,ply656,38,ply664,right-footed shot
gl838,mt275,ply1064,76,ply653,left-footed shot
gl839,mt276,ply1859,10,ply1860,left-footed shot
gl840,mt276,ply1619,31,ply1859,right-footed shot
gl841,mt276,ply1619,42,ply1606,header
gl842,mt276,ply1619,68,ply1605,right-footed shot
gl843,mt277,ply87,28,,header
gl844,mt277,ply1861,41,ply1087,left-footed shot
gl845,mt277,ply1473,90,ply1862,right-footed shot
gl846,mt278,ply293,66,ply664,right-footed shot
gl847,mt278,ply654,90,ply293,right-footed shot
gl848,mt279,ply1863,16,ply1864,right-footed shot
gl849,mt279,ply756,25,ply1619,right-footed shot
gl850,mt279,ply1619,60,ply1865,penalty
gl851,mt279,ply1862,75,ply1087,right-footed shot
gl852,mt280,ply80,28,ply1100,penalty
gl853,mt280,,34,ply293,right-footed shot
gl854,mt280,,38,ply293,penalty
gl855,mt280,ply293,58,ply654,right-footed shot
gl856,mt280,ply293,64,ply656,right-footed shot
gl857,mt280,ply293,69,ply664,right-footed shot
gl858,mt281,ply1087,13,ply1861,right-footed shot
gl859,mt281,ply1620,25,ply1605,header
gl860,mt281,ply1610,83,ply1620,right-footed shot
gl861,mt281,ply1606,90,ply756,left-footed shot
gl862,mt281,ply1861,90,ply1866,header
gl863,mt281,ply1472,90,ply872,penalty
gl864,mt282,ply293,7,ply1064,right-footed shot
gl865,mt282,ply81,49,ply855,header
gl866,mt283,ply656,56,ply1064,right-footed shot
gl867,mt283,ply1473,69,ply1862,right-footed shot
gl868,mt284,ply86,27,ply86,penalty
gl869,mt284,ply855,47,,right-footed shot
gl870,mt285,ply1867,66,,right-footed shot
gl871,mt285,ply81,80,ply80,left-footed shot
gl872,mt285,ply493,90,,left-footed shot
gl873,mt286,ply756,10,ply1868,right-footed shot
gl874,mt286,ply1064,34,ply664,header
gl875,mt286,ply1064,50,ply654,right-footed shot
gl876,mt286,ply1064,54,ply647,right-footed shot
gl877,mt286,ply654,84,ply652,left-footed shot
gl878,mt287,ply509,48,ply1869,left-footed shot
gl879,mt287,ply1870,65,ply505,header
gl880,mt287,ply103,70,ply96,header
gl881,mt287,ply1466,90,ply1871,header
gl882,mt288,ply1872,16,ply925,right-footed shot
gl883,mt288,,25,,own goal
gl884,mt288,ply1341,37,,right-footed shot
gl885,mt289,ply1869,17,,right-footed shot
gl886,mt289,ply1112,62,,left-footed shot
gl887,mt289,ply699,89,ply1110,right-footed shot
gl888,mt290,ply116,48,ply118,right-footed shot
gl889,mt290,ply1873,58,ply1874,left-footed shot
gl890,mt291,ply118,78,ply1072,header
gl891,mt292,ply1096,30,,left-footed shot
gl892,mt292,ply1110,77,ply509,left-footed shot
gl893,mt292,ply1110,79,,left-footed shot
gl894,mt293,ply1875,4,ply699,right-footed shot
gl895,mt293,ply1096,12,,left-footed shot
gl896,mt293,ply1471,90,ply1869,left-footed shot
gl897,mt294,ply1873,41,,own goal
gl898,mt294,ply1876,55,ply1547,right-footed shot
gl899,mt294,ply118,90,ply1873,right-footed shot
gl900,mt295,ply1350,11,,own goal
gl901,mt295,,54,ply1540,left-footed shot
gl902,mt296,ply1110,45,,free kick
gl903,mt297,ply116,17,,penalty
gl904,mt297,ply94,54,ply109,right-footed shot
gl905,mt298,ply699,75,ply1110,right-footed shot
gl906,mt298,ply1869,90,ply1110,left-footed shot
gl907,mt299,ply1650,82,ply1877,penalty
gl908,mt299,,90,,right-footed shot
gl909,mt300,ply662,2,ply1878,right-footed shot
gl910,mt300,ply662,34,ply1879,left-footed shot
gl911,mt300,ply1879,36,,right-footed shot
gl912,mt300,ply1880,40,ply1881,right-footed shot
gl913,mt300,ply662,45,ply1879,right-footed shot
gl914,mt300,ply762,45,ply1878,right-footed shot
gl915,mt300,ply1684,52,ply1882,header
gl916,mt300,ply787,66,,left-footed shot
gl917,mt302,ply142,9,ply589,right-footed shot
gl918,mt302,ply572,25,ply564,left-footed shot
gl919,mt302,ply590,36,,left-footed shot
gl920,mt302,ply1879,39,ply1470,right-footed shot
gl921,mt302,ply1878,56,ply1879,right-footed shot
gl922,mt302,ply662,60,ply1878,left-footed shot
gl923,mt302,ply590,69,ply589,left-footed shot
gl924,mt303,ply1650,17,ply1877,right-footed shot
gl925,mt303,ply662,40,ply1879,penalty
gl926,mt303,ply1650,64,ply1883,right-footed shot
gl1680,mt553,ply590,86,ply581,right-footed shot
gl1681,mt554,,10,ply2344,header
gl1682,mt554,ply2500,75,ply496,left-footed shot
gl1683,mt555,ply2196,15,ply2501,right-footed shot
gl1684,mt555,ply2501,58,,header
gl1685,mt555,ply530,72,ply1650,penalty
gl1686,mt556,ply649,2,ply2193,header
gl1687,mt556,,10,ply650,right-footed shot
gl1688,mt556,ply1064,25,,right-footed shot
gl1689,mt556,ply649,63,ply653,header
gl1690,mt557,ply653,48,ply2193,right-footed shot
gl1691,mt557,ply293,90,ply652,right-footed shot
gl1692,mt558,ply1884,7,,right-footed shot
gl1693,mt558,ply1650,49,,right-footed shot
gl1694,mt558,ply1877,70,ply1650,right-footed shot
gl1695,mt558,ply2502,90,ply1490,right-footed shot
gl1696,mt559,ply293,9,,left-footed shot
gl1697,mt559,ply1064,13,ply653,right-footed shot
gl1698,mt559,ply2412,73,,penalty
gl1699,mt560,ply49,8,ply1490,header
gl1700,mt560,ply2503,24,ply692,right-footed shot
gl1701,mt560,ply2503,54,ply2504,header
gl1702,mt561,ply1884,21,ply1650,right-footed shot
gl1703,mt561,ply918,34,ply656,header
gl1704,mt561,ply649,48,ply144,header
gl1705,mt561,ply284,62,ply1016,penalty
gl1706,mt561,,69,ply144,right-footed shot
gl1707,mt561,ply293,90,ply653,right-footed shot
gl1708,mt562,,12,ply49,header
gl1709,mt562,ply2501,14,,right-footed shot
gl1710,mt562,ply1864,17,,left-footed shot
gl1711,mt562,ply1864,68,ply2501,right-footed shot
gl1712,mt563,ply1884,56,ply2169,right-footed shot
gl1713,mt563,ply1771,81,ply1650,right-footed shot
gl1714,mt563,ply1650,83,ply1016,header
gl1715,mt564,ply293,88,ply656,right-footed shot
gl1716,mt565,ply2503,26,ply1864,right-footed shot
gl1717,mt565,ply539,32,ply1864,left-footed shot
gl1718,mt565,,90,,penalty
gl1719,mt566,ply1771,2,,right-footed shot
gl1720,mt566,,33,ply49,header
gl1721,mt566,ply948,90,ply2505,header
gl1722,mt567,ply2506,13,,header
gl1723,mt567,,21,,own goal
gl1724,mt567,ply191,28,,
gl1725,mt567,ply2507,86,ply2508,right-footed shot
gl1726,mt568,ply757,32,,right-footed shot
gl1727,mt568,ply2509,34,,left-footed shot
gl1728,mt569,ply2510,31,,right-footed shot
gl1729,mt569,ply2510,69,ply1479,right-footed shot
gl1730,mt569,ply2511,89,ply1479,right-footed shot
gl1731,mt570,ply2507,11,ply191,left-footed shot
gl1732,mt570,ply2506,43,,header
gl1733,mt571,ply2512,30,ply2449,right-footed shot
gl1734,mt571,ply191,34,,header
gl1735,mt571,ply191,54,ply2507,left-footed shot
gl1736,mt572,ply753,8,,left-footed shot
gl1737,mt572,ply2510,18,ply94,left-footed shot
gl1738,mt572,ply757,38,ply137,right-footed shot
gl1739,mt572,ply2298,41,,right-footed shot
gl1740,mt572,ply410,44,ply1466,left-footed shot
gl1741,mt573,ply2513,45,ply2514,left-footed shot
gl1742,mt573,ply191,54,,penalty
gl1743,mt574,ply1466,13,ply731,right-footed shot
gl1744,mt574,ply767,48,ply137,right-footed shot
gl1745,mt574,ply731,61,ply1466,header
gl1746,mt574,ply2515,90,ply2510,right-footed shot
gl1747,mt575,ply94,29,ply2516,right-footed shot
gl1748,mt575,ply2506,41,ply191,left-footed shot
gl1749,mt576,ply2517,6,,own goal
gl1750,mt576,ply767,9,ply759,right-footed shot
gl1751,mt576,ply767,31,ply753,penalty
gl1752,mt576,ply2512,43,ply2513,header
gl1753,mt576,ply580,45,ply750,right-footed shot
gl1754,mt577,ply2510,9,ply2172,right-footed shot
gl1755,mt577,ply2510,33,ply731,right-footed shot
gl1756,mt577,ply2172,45,ply2510,left-footed shot
gl1757,mt577,ply2518,61,,penalty
gl1758,mt577,ply844,65,ply731,left-footed shot
gl1759,mt577,ply2512,78,ply2449,header
gl1760,mt577,ply2211,88,ply2516,header
gl1761,mt578,ply2508,10,ply2519,penalty
gl1762,mt578,ply580,87,,left-footed shot
gl1763,mt578,ply2506,90,,left-footed shot
gl1764,mt579,ply1805,4,ply1801,left-footed shot
gl1765,mt579,ply2520,11,ply2521,left-footed shot
gl1766,mt579,ply1801,15,ply1783,left-footed shot
gl1767,mt579,ply1801,60,ply691,left-footed shot
gl1768,mt580,ply699,12,ply2197,right-footed shot
gl1769,mt580,ply699,51,,penalty
gl1770,mt580,ply729,61,,bicycle kick
gl1771,mt581,ply2197,18,ply818,left-footed shot
gl1772,mt581,ply699,50,ply2197,left-footed shot
gl1773,mt581,ply290,54,,right-footed shot
gl1774,mt581,ply699,79,ply828,right-footed shot
gl1775,mt582,ply1801,39,ply2522,left-footed shot
gl1776,mt582,ply1801,62,ply2213,right-footed shot
gl1777,mt582,ply1801,67,ply1871,header
gl1778,mt583,ply686,28,,own goal
gl1779,mt583,ply699,43,,penalty
gl1780,mt584,,62,,right-footed shot
gl1781,mt584,ply1374,67,ply1888,header
gl1782,mt585,ply176,27,ply1871,right-footed shot
gl1783,mt585,ply176,56,ply1784,right-footed shot
gl1784,mt585,ply691,65,ply1801,left-footed shot
gl1785,mt585,ply699,80,ply2523,right-footed shot
gl1786,mt586,ply198,29,ply2521,left-footed shot
gl1787,mt586,,51,ply2524,right-footed shot
gl1788,mt587,ply290,31,ply2520,right-footed shot
gl1789,mt587,ply1801,49,ply176,right-footed shot
gl1790,mt587,ply1805,76,ply176,right-footed shot
gl1791,mt588,ply828,23,,right-footed shot
gl1792,mt588,ply831,39,ply827,right-footed shot
gl1793,mt588,ply822,41,ply686,right-footed shot
gl1794,mt588,ply831,45,ply699,right-footed shot
gl1795,mt588,ply699,49,ply1371,header
gl1796,mt588,ply699,54,ply831,left-footed shot
gl1797,mt589,ply2523,8,ply857,right-footed shot
gl1798,mt589,ply699,12,ply286,right-footed shot
gl1799,mt589,ply290,43,,header
gl1800,mt589,ply290,49,,right-footed shot
gl1801,mt589,ply833,81,ply12,right-footed shot
gl1802,mt590,,20,ply1120,left-footed shot
gl1803,mt590,ply1805,37,,left-footed shot
gl1804,mt590,ply189,80,ply176,right-footed shot
gl1805,mt591,ply1869,2,ply1076,right-footed shot
gl1806,mt591,ply1869,9,,penalty
gl1807,mt591,ply1801,35,ply176,left-footed shot
gl1808,mt591,ply691,71,,free kick
gl1809,mt592,ply656,14,ply653,header
gl1810,mt592,ply652,18,ply293,left-footed shot
gl1811,mt592,,23,,right-footed shot
gl1812,mt592,ply656,53,,right-footed shot
gl1813,mt593,ply142,25,ply1069,right-footed shot
gl1814,mt593,ply590,29,,left-footed shot
gl1815,mt593,ply142,53,,right-footed shot
gl1816,mt593,ply589,69,ply581,right-footed shot
gl1817,mt593,ply142,85,ply2525,right-footed shot
gl1818,mt594,ply523,33,ply741,right-footed shot
gl1819,mt594,ply699,45,,penalty
gl1820,mt594,ply699,83,ply834,
gl1821,mt594,ply1371,86,ply834,left-footed shot
gl1822,mt595,ply1900,62,ply832,right-footed shot
gl1823,mt595,ply740,75,ply2480,left-footed shot
gl1824,mt596,ply143,43,ply816,right-footed shot
gl1825,mt596,ply140,53,ply398,right-footed shot
gl1826,mt596,ply143,66,ply135,right-footed shot
gl1827,mt596,ply398,79,,left-footed shot
gl1828,mt596,ply398,88,ply143,left-footed shot
gl1829,mt598,ply1431,41,ply497,left-footed shot
gl1830,mt598,ply2501,52,ply1111,right-footed shot
gl1831,mt598,ply692,71,,free kick
gl1832,mt600,ply699,51,ply833,header
gl1833,mt600,ply1840,71,,right-footed shot
gl1834,mt600,ply690,80,ply699,right-footed shot
gl1835,mt601,ply1805,39,ply1871,right-footed shot
gl1836,mt601,ply1869,64,,right-footed shot
gl1837,mt601,ply1110,67,ply1869,left-footed shot
gl1838,mt602,ply1064,8,ply652,left-footed shot
gl1839,mt602,ply2465,17,ply2460,right-footed shot
gl1840,mt602,ply2285,71,ply2465,right-footed shot
gl1841,mt603,ply2007,74,ply733,right-footed shot
gl1842,mt603,ply2007,78,ply496,header
gl1843,mt603,ply498,84,ply704,left-footed shot
gl1844,mt604,ply497,52,ply2526,right-footed shot
gl1845,mt605,ply583,18,ply143,left-footed shot
gl1846,mt605,ply2527,46,,own goal
gl1847,mt605,ply2528,59,ply2527,left-footed shot
gl1848,mt605,,84,ply816,
gl1849,mt606,ply740,3,ply1073,right-footed shot
gl1850,mt606,ply393,20,ply740,right-footed shot
gl1851,mt606,ply740,63,ply1073,left-footed shot
gl1852,mt607,ply733,31,ply2488,left-footed shot
gl1853,mt607,ply845,37,,own goal
gl1854,mt607,ply583,68,ply2188,header
gl1855,mt608,ply699,3,ply857,right-footed shot
gl1856,mt608,ply699,64,ply818,bicycle kick
gl1857,mt608,ply1371,72,ply699,left-footed shot
gl1858,mt609,,38,,own goal
gl1859,mt609,ply2200,55,,own goal
gl1860,mt609,ply384,59,ply1073,right-footed shot
gl1861,mt609,ply497,80,,left-footed shot
gl1862,mt609,ply1073,87,,left-footed shot
gl1863,mt610,ply590,12,ply589,left-footed shot
gl1864,mt610,ply582,21,ply581,right-footed shot
gl1865,mt610,ply142,31,ply590,header
gl1866,mt611,ply497,6,,left-footed shot
gl1867,mt611,,58,,penalty
gl1868,mt611,ply2200,82,ply1431,header
gl1869,mt612,ply1064,2,ply293,right-footed shot
gl1870,mt612,ply590,56,,left-footed shot
gl1871,mt612,ply589,77,,right-footed shot
gl1872,mt614,,2,,header
gl1873,mt614,,37,,header
gl1874,mt614,ply1870,61,,left-footed shot
gl1875,mt614,ply699,90,,penalty
gl1876,mt615,ply590,36,ply589,left-footed shot
gl1877,mt615,ply590,45,ply589,left-footed shot
gl1878,mt615,ply142,56,ply590,right-footed shot
gl1879,mt615,ply589,61,ply590,right-footed shot
gl1880,mt615,ply589,69,ply581,header
gl1881,mt615,ply497,81,ply2165,right-footed shot
gl1882,mt615,,85,,penalty
gl1883,mt616,ply135,28,ply1390,right-footed shot
gl1884,mt616,ply1371,44,ply818,left-footed shot
gl1885,mt616,ply834,57,ply833,left-footed shot
gl1886,mt617,ply135,3,ply1092,right-footed shot
gl1887,mt617,ply831,11,ply1371,header
gl1888,mt617,ply831,46,,right-footed shot
gl1889,mt617,ply1390,63,,right-footed shot
gl1890,mt618,ply142,9,ply589,left-footed shot
gl1891,mt618,ply581,15,,own goal
gl1892,mt618,ply1069,25,,header
gl1893,mt618,ply497,52,,right-footed shot
gl1894,mt618,ply2165,86,,right-footed shot
gl1895,mt618,ply2165,90,,penalty
gl1896,mt619,ply831,51,,right-footed shot
gl1897,mt619,ply142,55,ply1046,right-footed shot
gl1898,mt619,ply2197,64,ply1371,bicycle kick
gl1899,mt619,ply2197,83,ply1371,left-footed shot
gl1900,mt620,ply2707,45,ply2708,right-footed shot
gl1901,mt620,ply1105,79,,left-footed shot
gl1902,mt621,ply1840,1,ply1120,header
gl1903,mt621,ply1088,78,,right-footed shot
gl1904,mt622,ply2709,7,ply1088,header
gl1905,mt622,ply2709,26,ply1088,right-footed shot
gl1906,mt623,ply2710,16,,left-footed shot
gl1907,mt623,ply1870,41,ply735,left-footed shot
gl1908,mt623,ply1840,55,ply527,header
gl1909,mt623,ply1840,60,ply1802,right-footed shot
gl1910,mt624,ply1088,13,ply582,right-footed shot
gl1911,mt624,ply2709,42,ply1285,right-footed shot
gl1912,mt624,ply582,47,,right-footed shot
gl1913,mt624,ply1285,56,ply2711,right-footed shot
gl1914,mt624,ply1285,83,ply2712,right-footed shot
gl1915,mt624,ply1285,87,ply2712,left-footed shot
gl1916,mt625,ply527,40,ply1840,right-footed shot
gl1917,mt625,ply1802,62,,right-footed shot
gl1918,mt625,ply1840,90,ply1840,penalty
gl1919,mt626,ply1870,43,ply201,right-footed shot
gl1920,mt626,ply2461,76,ply2296,left-footed shot
gl1921,mt626,ply201,90,ply523,right-footed shot
gl1922,mt627,ply2707,12,ply2713,left-footed shot
gl1923,mt627,ply2714,15,ply2707,left-footed shot
gl1924,mt627,ply2548,20,ply1285,left-footed shot
gl1925,mt627,ply26,42,ply1875,header
gl1926,mt627,ply1285,88,ply2541,left-footed shot
gl1927,mt628,ply1840,18,ply1870,right-footed shot
gl1928,mt628,ply26,45,ply1088,penalty
gl1929,mt628,ply735,60,,own goal
gl1930,mt628,ply2715,77,,own goal
gl1931,mt630,ply2712,8,ply2716,left-footed shot
gl1932,mt630,ply2712,16,ply2716,left-footed shot
gl1933,mt630,ply2712,47,ply1088,right-footed shot
gl1934,mt630,ply2715,53,ply1285,right-footed shot
gl1935,mt630,,78,,right-footed shot
gl1936,mt631,ply2717,15,ply2710,header
gl1937,mt631,ply1840,61,,bicycle kick
gl1938,mt631,ply2713,69,ply2707,right-footed shot
gl1939,mt631,ply527,90,ply2467,left-footed shot
gl1940,mt632,ply355,26,ply364,right-footed shot
gl1941,mt632,ply530,36,,header
gl1942,mt632,ply530,45,,header
gl1943,mt633,ply1893,12,,right-footed shot
gl1944,mt633,ply2506,90,,free kick
gl1945,mt634,,29,,free kick
gl1946,mt634,ply364,65,ply2718,left-footed shot
gl1947,mt635,ply2169,20,,header
gl1948,mt635,ply1650,51,,free kick
gl1949,mt635,ply530,54,ply1877,penalty
gl1950,mt635,ply1650,58,ply530,left-footed shot
gl1951,mt635,ply2719,71,,right-footed shot
gl1952,mt635,ply2187,86,ply908,left-footed shot
gl1953,mt636,ply2187,9,,penalty
gl1954,mt636,ply1893,55,,left-footed shot
gl1955,mt637,,12,,left-footed shot
gl1956,mt637,ply1650,30,ply1877,right-footed shot
gl1957,mt637,ply2510,38,,right-footed shot
gl1958,mt637,ply2720,69,,penalty
gl1959,mt637,ply2510,86,,header
gl1960,mt638,,79,,penalty
gl1961,mt638,ply2169,82,ply1650,left-footed shot
gl1962,mt639,ply2187,45,,penalty
gl1963,mt640,ply2719,10,ply2187,left-footed shot
gl1964,mt640,ply1907,25,ply2187,left-footed shot
gl1965,mt640,ply2721,31,ply2187,
gl1966,mt640,ply191,58,,right-footed shot
gl1967,mt640,,83,,penalty
gl1968,mt640,ply2510,89,,left-footed shot
gl1969,mt642,ply367,9,ply2520,right-footed shot
gl1970,mt642,ply2520,30,,penalty
gl1971,mt642,ply353,32,,right-footed shot
gl1972,mt642,ply2722,45,ply2520,right-footed shot
gl1973,mt642,ply362,60,ply353,right-footed shot
gl1974,mt642,ply1861,77,ply2520,right-footed shot
gl1975,mt643,ply1877,60,ply1650,right-footed shot
gl1976,mt643,ply1650,79,,right-footed shot
gl1977,mt643,ply2723,87,,right-footed shot
gl1978,mt644,ply740,3,ply741,left-footed shot
gl1979,mt644,ply740,27,ply741,left-footed shot
gl1980,mt644,ply741,50,,free kick
gl927,mt303,ply662,72,,header
gl928,mt303,ply1884,73,ply1650,right-footed shot
gl929,mt304,ply582,2,ply577,right-footed shot
gl930,mt304,ply582,57,ply589,right-footed shot
gl931,mt304,ply142,77,ply590,right-footed shot
gl932,mt304,ply590,87,,right-footed shot
gl933,mt304,ply1885,88,ply1881,right-footed shot
gl934,mt305,ply1069,14,,right-footed shot
gl935,mt305,ply1684,41,ply1674,header
gl936,mt305,ply582,53,ply590,left-footed shot
gl937,mt306,ply662,11,,penalty
gl938,mt306,ply1773,44,ply1884,right-footed shot
gl939,mt307,ply1650,21,ply1756,right-footed shot
gl940,mt307,ply1046,65,ply581,header
gl941,mt308,ply1461,43,,right-footed shot
gl942,mt308,ply1878,45,ply1470,right-footed shot
gl943,mt308,ply1879,69,ply662,right-footed shot
gl944,mt308,ply1684,85,ply1682,header
gl945,mt308,ply662,87,ply1470,left-footed shot
gl946,mt309,ply530,3,,left-footed shot
gl947,mt309,ply530,26,ply1756,right-footed shot
gl948,mt309,ply530,38,ply1877,penalty
gl949,mt309,ply1650,75,,penalty
gl950,mt310,ply580,57,ply142,header
gl951,mt310,ply590,58,,right-footed shot
gl952,mt311,ply1744,64,,right-footed shot
gl953,mt311,ply487,90,,right-footed shot
gl954,mt313,ply723,35,ply208,left-footed shot
gl955,mt313,ply723,89,ply208,left-footed shot
gl956,mt314,ply499,2,ply1088,left-footed shot
gl957,mt314,ply1073,58,ply1086,right-footed shot
gl958,mt314,ply1073,84,ply740,left-footed shot
gl959,mt315,ply499,22,ply480,right-footed shot
gl960,mt315,ply1886,89,ply488,right-footed shot
gl961,mt316,ply740,3,ply575,left-footed shot
gl962,mt316,ply1718,50,ply1733,right-footed shot
gl963,mt316,ply1744,57,,own goal
gl964,mt318,ply499,5,ply1887,left-footed shot
gl965,mt318,ply1321,40,ply1886,right-footed shot
gl966,mt318,ply723,51,ply1888,right-footed shot
gl967,mt318,ply208,64,ply1098,right-footed shot
gl968,mt318,ply723,77,ply705,right-footed shot
gl969,mt319,ply1073,29,ply740,right-footed shot
gl970,mt319,ply740,33,ply1073,left-footed shot
gl971,mt319,ply115,67,ply740,left-footed shot
gl972,mt319,ply705,77,ply208,right-footed shot
gl973,mt320,ply499,19,ply498,right-footed shot
gl974,mt320,ply1889,37,,penalty
gl975,mt320,ply498,81,,left-footed shot
gl976,mt320,ply499,88,ply498,right-footed shot
gl977,mt321,ply705,10,ply225,right-footed shot
gl978,mt321,ply1889,43,ply1890,right-footed shot
gl979,mt321,ply208,61,ply705,left-footed shot
gl980,mt322,ply1891,23,ply1086,left-footed shot
gl981,mt322,ply498,44,ply499,left-footed shot
gl982,mt322,ply395,86,ply1073,right-footed shot
gl983,mt323,ply1115,41,ply1116,right-footed shot
gl984,mt323,ply394,50,ply394,penalty
gl985,mt324,ply767,69,ply766,right-footed shot
gl986,mt324,ply767,78,ply137,right-footed shot
gl987,mt324,ply1652,84,ply933,left-footed shot
gl988,mt325,ply1116,22,ply1118,right-footed shot
gl989,mt325,ply648,70,,own goal
gl990,mt325,ply1115,78,ply1118,right-footed shot
gl991,mt325,ply1892,85,,right-footed shot
gl992,mt326,ply394,11,,right-footed shot
gl993,mt326,ply1460,65,,left-footed shot
gl994,mt327,ply1111,25,,left-footed shot
gl995,mt327,ply760,49,ply137,right-footed shot
gl996,mt327,ply137,59,ply752,right-footed shot
gl997,mt328,ply933,4,ply1893,right-footed shot
gl998,mt328,ply394,70,ply1632,left-footed shot
gl999,mt328,ply1894,85,,right-footed shot
gl1000,mt329,ply1765,45,,right-footed shot
gl1001,mt329,ply137,63,ply757,left-footed shot
gl1002,mt330,ply1895,4,ply1632,header
gl1003,mt330,ply394,33,ply1697,right-footed shot
gl1004,mt330,ply1652,76,ply1894,left-footed shot
gl1005,mt330,ply1296,89,,left-footed shot
gl1006,mt331,ply1116,42,ply1043,header
gl1007,mt331,ply1118,84,,left-footed shot
gl1008,mt332,ply1894,20,ply1896,left-footed shot
gl1009,mt332,ply1897,59,ply1896,left-footed shot
gl1010,mt332,ply757,90,ply1551,penalty
gl1011,mt332,ply757,90,ply767,header
gl1012,mt333,ply1893,47,ply1894,right-footed shot
gl1013,mt333,ply1894,58,,penalty
gl1014,mt333,ply1115,79,,own goal
gl1015,mt334,ply757,9,ply766,penalty
gl1016,mt334,ply767,33,ply765,penalty
gl1017,mt334,ply1697,50,ply1898,right-footed shot
gl1018,mt334,ply394,82,ply1707,right-footed shot
gl1019,mt335,ply1899,74,ply1020,left-footed shot
gl1020,mt336,ply1484,18,ply1078,header
gl1021,mt336,ply48,50,ply928,right-footed shot
gl1022,mt336,ply1078,62,ply294,header
gl1023,mt337,ply294,8,ply60,left-footed shot
gl1024,mt337,ply1484,34,ply696,right-footed shot
gl1025,mt337,ply696,67,ply60,right-footed shot
gl1026,mt338,ply1491,22,ply16,right-footed shot
gl1027,mt338,ply1774,33,ply551,header
gl1028,mt338,ply1900,78,ply1114,right-footed shot
gl1029,mt339,ply1901,86,ply292,left-footed shot
gl1030,mt340,ply1902,63,ply1903,left-footed shot
gl1031,mt340,ply1107,90,ply544,right-footed shot
gl1032,mt341,ply1491,2,,own goal
gl1033,mt341,ply284,5,,penalty
gl1034,mt341,ply1484,20,ply294,header
gl1035,mt341,ply271,35,,own goal
gl1036,mt341,ply696,55,ply294,right-footed shot
gl1037,mt341,ply273,63,ply1491,left-footed shot
gl1038,mt341,ply284,71,,penalty
gl1039,mt341,ply277,74,,right-footed shot
gl1040,mt342,ply1774,25,,right-footed shot
gl1041,mt342,ply1020,66,,penalty
gl1042,mt342,ply1904,82,ply1825,own goal
gl1043,mt342,ply110,84,,left-footed shot
gl1044,mt342,ply396,90,ply1899,right-footed shot
gl1045,mt343,ply730,40,ply1899,right-footed shot
gl1046,mt343,ply286,41,,right-footed shot
gl1047,mt343,ply292,50,ply1905,left-footed shot
gl1048,mt343,ply1906,82,ply1020,right-footed shot
gl1049,mt344,ply294,2,ply60,left-footed shot
gl1050,mt344,ply1484,59,ply294,right-footed shot
gl1051,mt345,ply1491,19,ply1900,right-footed shot
gl1052,mt345,ply273,35,ply1523,header
gl1053,mt345,,78,ply551,left-footed shot
gl1054,mt346,ply1899,24,ply396,right-footed shot
gl1055,mt347,ply662,69,,right-footed shot
gl1056,mt347,ply741,75,ply739,left-footed shot
gl1057,mt347,ply662,78,ply217,left-footed shot
gl1058,mt348,ply113,4,,right-footed shot
gl1059,mt349,ply68,16,ply855,right-footed shot
gl1060,mt349,ply1100,42,ply81,right-footed shot
gl1061,mt349,ply1095,57,ply855,right-footed shot
gl1062,mt349,ply68,62,ply81,right-footed shot
gl1063,mt349,ply1902,66,,left-footed shot
gl1064,mt350,ply767,58,ply760,penalty
gl1065,mt351,ply141,51,ply398,right-footed shot
gl1066,mt351,ply141,54,ply398,left-footed shot
gl1067,mt351,ply398,76,ply125,right-footed shot
gl1068,mt352,ply1650,30,ply1771,right-footed shot
gl1069,mt352,ply115,57,ply1907,right-footed shot
gl1070,mt353,ply857,60,ply837,right-footed shot
gl1071,mt353,ply1064,78,ply653,header
gl1072,mt353,ply653,83,ply293,penalty
gl1073,mt354,ply1898,31,ply1697,left-footed shot
gl1074,mt355,ply1100,3,,penalty
gl1075,mt355,ply1903,21,,left-footed shot
gl1076,mt355,ply1100,43,,penalty
gl1077,mt355,ply1903,51,ply396,header
gl1078,mt355,ply396,67,ply1020,right-footed shot
gl1079,mt355,ply1100,71,,left-footed shot
gl1080,mt355,ply1100,83,ply1095,left-footed shot
gl1081,mt356,ply137,10,ply767,right-footed shot
gl1082,mt356,ply137,21,ply1068,header
gl1083,mt356,ply757,87,,right-footed shot
gl1084,mt357,ply741,28,ply527,header
gl1085,mt357,ply724,45,ply733,left-footed shot
gl1086,mt358,ply1069,43,ply582,header
gl1087,mt358,ply589,94,,right-footed shot
gl1088,mt358,ply112,97,ply116,right-footed shot
gl1089,mt358,ply112,105,ply118,right-footed shot
gl1090,mt358,ply118,120,ply112,left-footed shot
gl1091,mt359,ply293,9,ply1064,right-footed shot
gl1092,mt359,ply831,28,ply836,header
gl1093,mt359,ply1064,68,,left-footed shot
gl1094,mt360,ply394,12,ply1697,penalty
gl1095,mt360,ply699,43,,penalty
gl1096,mt360,ply699,60,ply1112,left-footed shot
gl1097,mt361,ply398,10,ply398,penalty
gl1098,mt361,ply1089,24,ply398,right-footed shot
gl1099,mt361,ply1491,44,,right-footed shot
gl1100,mt361,ply1092,76,ply398,right-footed shot
gl1101,mt361,ply398,84,ply817,header
gl1102,mt362,ply1788,10,ply863,header
gl1103,mt362,ply740,23,ply1073,left-footed shot
gl1104,mt362,ply1073,45,ply740,penalty
gl1105,mt362,ply1884,45,ply1650,penalty
gl1106,mt363,ply81,27,ply87,left-footed shot
gl1107,mt363,ply726,90,ply741,right-footed shot
gl1108,mt363,ply139,90,ply739,right-footed shot
gl1109,mt364,ply756,51,ply137,header
gl1110,mt364,ply116,71,ply116,penalty
gl1111,mt364,ply1908,88,ply1068,right-footed shot
gl1112,mt365,ply143,4,ply398,left-footed shot
gl1113,mt365,ply816,7,,own goal
gl1114,mt365,ply1089,22,ply141,left-footed shot
gl1115,mt365,ply141,27,ply133,right-footed shot
gl1116,mt365,ply143,31,ply135,right-footed shot
gl1117,mt365,ply1073,57,ply381,left-footed shot
gl1118,mt365,ply135,63,ply125,right-footed shot
gl1119,mt365,ply398,82,ply1509,header
gl1120,mt365,ply1509,85,ply143,right-footed shot
gl1121,mt365,ply1509,89,ply127,left-footed shot
gl1122,mt366,ply1909,24,,left-footed shot
gl1123,mt366,ply653,69,ply293,right-footed shot
gl1124,mt366,ply1707,79,ply1697,right-footed shot
gl1125,mt366,ply1707,87,,left-footed shot
gl1126,mt367,ply726,13,ply527,header
gl1127,mt367,ply527,42,ply741,left-footed shot
gl1128,mt367,ply724,56,ply527,header
gl1129,mt368,ply141,18,ply135,left-footed shot
gl1130,mt368,ply141,33,,left-footed shot
gl1131,mt368,ply398,88,ply135,header
gl1132,mt369,ply140,59,ply135,header
gl1133,mt370,ply2159,18,,right-footed shot
gl1134,mt370,ply1874,32,ply115,right-footed shot
gl1135,mt370,ply96,45,ply109,header
gl1136,mt371,ply292,85,,right-footed shot
gl1137,mt372,ply1936,51,ply705,right-footed shot
gl1138,mt372,ply1098,72,ply225,left-footed shot
gl1139,mt372,ply225,90,ply1936,right-footed shot
gl1140,mt373,ply115,28,ply111,left-footed shot
gl1141,mt373,ply1028,39,ply320,right-footed shot
gl1142,mt373,ply115,67,ply1874,left-footed shot
gl1143,mt373,ply109,90,ply115,right-footed shot
gl1144,mt374,ply2160,32,ply2002,right-footed shot
gl1145,mt374,ply2161,40,ply322,header
gl1146,mt375,ply105,38,ply723,right-footed shot
gl1147,mt375,ply198,73,ply723,left-footed shot
gl1148,mt375,ply705,83,ply723,right-footed shot
gl1149,mt375,ply198,89,,left-footed shot
gl1150,mt376,ply322,12,ply320,left-footed shot
gl1151,mt376,ply322,17,,penalty
gl1152,mt376,ply2161,24,ply323,right-footed shot
gl1153,mt376,ply323,85,ply2162,right-footed shot
gl1154,mt377,ply113,33,ply2163,left-footed shot
gl1155,mt377,ply115,80,ply1873,left-footed shot
gl1156,mt378,ply109,2,ply115,right-footed shot
gl1157,mt378,ply115,24,ply114,left-footed shot
gl1158,mt380,ply198,15,ply984,left-footed shot
gl1159,mt380,ply198,88,ply1098,left-footed shot
gl1160,mt382,ply740,31,,free kick
gl1161,mt382,ply393,75,ply1509,right-footed shot
gl1162,mt382,ply740,77,ply863,left-footed shot
gl1163,mt382,ply740,87,ply1073,right-footed shot
gl1164,mt383,ply691,53,ply867,right-footed shot
gl1165,mt383,ply1649,85,,right-footed shot
gl1166,mt383,ply1321,90,ply480,header
gl1167,mt384,ply1509,2,ply381,right-footed shot
gl1168,mt384,ply863,28,ply1509,right-footed shot
gl1169,mt384,ply1801,52,ply867,right-footed shot
gl1170,mt384,ply740,56,ply381,left-footed shot
gl1171,mt384,ply867,66,ply1805,left-footed shot
gl1172,mt384,ply740,90,ply381,left-footed shot
gl1173,mt385,ply2164,27,ply1773,right-footed shot
gl1174,mt385,ply2165,44,,right-footed shot
gl1175,mt385,ply1649,60,ply1321,right-footed shot
gl1176,mt386,ply1773,30,,right-footed shot
gl1177,mt386,ply1802,39,ply1871,right-footed shot
gl1178,mt386,ply1801,54,ply691,header
gl1179,mt386,ply1492,87,ply2164,right-footed shot
gl1180,mt387,ply1520,32,ply1073,left-footed shot
gl1181,mt387,ply381,83,ply863,left-footed shot
gl1182,mt388,ply1492,2,ply2166,header
gl1183,mt388,ply1801,78,,left-footed shot
gl1184,mt388,ply1801,89,ply1783,header
gl1185,mt389,ply1059,83,,left-footed shot
gl1186,mt389,ply1649,87,,right-footed shot
gl1187,mt390,ply740,61,ply393,left-footed shot
gl1188,mt390,ply384,70,ply740,right-footed shot
gl1189,mt390,ply1492,83,ply1068,header
gl1190,mt391,ply691,80,ply176,left-footed shot
gl1191,mt392,ply393,7,,left-footed shot
gl1192,mt392,ply1802,85,ply1801,right-footed shot
gl1193,mt393,ply1773,13,ply54,header
gl1194,mt393,ply1649,73,ply1775,header
gl1195,mt394,,30,ply572,header
gl1196,mt394,ply581,36,ply1069,penalty
gl1197,mt394,ply201,40,,left-footed shot
gl1198,mt394,ply739,83,ply741,right-footed shot
gl1199,mt394,ply589,90,ply574,right-footed shot
gl1200,mt396,ply741,20,,free kick
gl1201,mt396,ply741,22,ply739,left-footed shot
gl1202,mt396,ply1840,37,,left-footed shot
gl1203,mt396,ply527,42,ply201,right-footed shot
gl1204,mt396,ply739,70,ply724,left-footed shot
gl1205,mt396,,74,,
gl1206,mt396,ply741,81,,free kick
gl1207,mt397,ply1884,90,ply1877,right-footed shot
gl1208,mt398,ply1884,29,ply1877,right-footed shot
gl1209,mt398,ply1759,61,,own goal
gl1210,mt398,ply1650,77,,right-footed shot
gl1211,mt398,ply527,90,ply922,left-footed shot
gl1212,mt399,ply589,20,ply572,left-footed shot
gl1213,mt399,ply590,45,ply2167,right-footed shot
gl1214,mt399,ply590,50,ply142,penalty
gl1215,mt399,ply142,80,,right-footed shot
gl1216,mt400,ply2168,22,,header
gl1217,mt400,ply2168,29,,right-footed shot
gl1218,mt401,ply724,45,ply739,right-footed shot
gl1219,mt401,ply1884,63,,penalty
gl1220,mt402,ply724,13,,right-footed shot
gl1221,mt402,ply741,37,,left-footed shot
gl1222,mt402,ply581,45,,penalty
gl1223,mt403,ply2169,11,,left-footed shot
gl1224,mt403,ply1650,33,,right-footed shot
gl1225,mt403,ply1650,52,ply2169,right-footed shot
gl1226,mt403,ply1584,57,,left-footed shot
gl1227,mt404,ply590,34,ply581,right-footed shot
gl1228,mt405,ply1840,10,ply739,right-footed shot
gl1229,mt405,ply741,40,ply739,right-footed shot
gl1230,mt405,ply1567,56,,right-footed shot
gl1231,mt405,ply726,74,ply527,header
gl1232,mt405,ply739,90,ply741,right-footed shot
gl1233,mt406,ply1474,64,ply519,left-footed shot
gl1234,mt406,ply422,75,,penalty
gl1235,mt407,ply1389,9,ply2170,right-footed shot
gl1236,mt407,ply2171,67,,free kick
gl1237,mt407,,90,ply2170,penalty
gl1238,mt408,ply519,88,ply1863,header
gl1239,mt409,ply1479,49,ply844,header
gl1240,mt410,ply1479,26,ply94,penalty
gl1241,mt410,ply1466,35,ply864,header
gl1242,mt410,ply1347,38,ply1096,right-footed shot
gl1243,mt410,ply864,47,ply2172,right-footed shot
gl1244,mt412,ply1466,2,ply1479,right-footed shot
gl1245,mt412,ply1479,43,ply1466,right-footed shot
gl1246,mt412,ply2173,59,ply1096,header
gl1247,mt412,ply864,67,ply861,left-footed shot
gl1248,mt412,ply422,90,,right-footed shot
gl1249,mt413,ply2174,4,,left-footed shot
gl1250,mt413,ply2175,57,ply2174,left-footed shot
gl1251,mt414,ply2176,43,,own goal
gl1252,mt414,,54,ply2177,right-footed shot
gl1253,mt415,ply819,52,ply861,header
gl1254,mt415,ply864,55,ply2172,left-footed shot
gl1255,mt415,ply2178,89,,penalty
gl1256,mt415,ply1479,90,ply422,right-footed shot
gl1257,mt416,ply2179,90,,right-footed shot
gl1258,mt417,ply94,17,ply844,header
gl1259,mt417,ply1479,42,,penalty
gl1260,mt417,,45,,penalty
gl1261,mt417,ply1075,57,ply2180,right-footed shot
gl1262,mt417,ply2171,65,ply1389,left-footed shot
gl1263,mt418,ply1078,46,ply928,left-footed shot
gl1264,mt418,ply696,77,ply60,right-footed shot
gl1265,mt418,ply1078,90,ply2181,left-footed shot
gl1266,mt419,ply398,10,ply816,right-footed shot
gl1267,mt419,ply734,54,ply1390,right-footed shot
gl1268,mt420,ply199,4,,header
gl1269,mt420,ply128,22,ply60,left-footed shot
gl1270,mt421,ply1652,6,,left-footed shot
gl1271,mt421,ply907,15,ply1894,header
gl1272,mt421,ply2182,53,ply2183,
gl1273,mt421,ply2182,63,ply2184,right-footed shot
gl1274,mt421,ply2185,74,,right-footed shot
gl1275,mt422,ply1464,61,,left-footed shot
gl1276,mt422,ply398,63,ply2186,right-footed shot
gl1277,mt423,ply128,90,,right-footed shot
gl1278,mt424,,29,ply2187,right-footed shot
gl1279,mt424,ply60,61,ply294,left-footed shot
gl1280,mt425,ply398,31,ply398,penalty
gl1281,mt425,ply398,71,ply135,right-footed shot
gl1282,mt426,ply60,68,,penalty
gl1283,mt426,ply60,72,,left-footed shot
gl1284,mt427,,13,ply143,left-footed shot
gl1285,mt427,,30,ply143,left-footed shot
gl1286,mt427,ply398,36,ply135,header
gl1287,mt427,ply177,46,,right-footed shot
gl1288,mt427,ply398,51,ply135,header
gl1289,mt427,ply2188,76,ply816,right-footed shot
gl1290,mt428,ply398,13,ply141,right-footed shot
gl1291,mt428,ply60,61,ply696,left-footed shot
gl1292,mt428,ply60,82,,penalty
gl1293,mt428,ply398,87,,penalty
gl1294,mt428,ply140,90,ply583,right-footed shot
gl1295,mt428,ply1078,90,,right-footed shot
gl1296,mt429,ply907,88,,free kick
gl1297,mt430,ply51,6,ply2189,right-footed shot
gl1298,mt430,ply539,27,ply1861,left-footed shot
gl1299,mt430,,38,ply1938,header
gl1300,mt430,ply2190,81,ply1864,left-footed shot
gl1301,mt431,ply1909,26,ply2191,left-footed shot
gl1302,mt431,ply2191,43,ply394,left-footed shot
gl1303,mt431,ply652,67,ply144,left-footed shot
gl1304,mt432,ply2192,1,ply1542,left-footed shot
gl1305,mt432,,8,ply144,right-footed shot
gl1306,mt432,ply2193,87,,left-footed shot
gl1307,mt433,ply1861,44,ply539,left-footed shot
gl1308,mt433,ply1861,55,ply1087,right-footed shot
gl1309,mt433,ply1707,70,ply2191,header
gl1310,mt433,ply1632,72,ply1697,right-footed shot
gl1311,mt434,ply2193,30,ply1064,left-footed shot
gl1312,mt434,ply645,35,ply653,header
gl1313,mt434,ply652,70,ply664,left-footed shot
gl1314,mt435,ply1296,27,,left-footed shot
gl1315,mt435,ply1938,33,,right-footed shot
gl1316,mt435,ply1938,47,ply1542,right-footed shot
gl1317,mt435,ply1769,59,ply2194,right-footed shot
gl1318,mt435,ply394,67,ply1697,left-footed shot
gl1319,mt435,ply2195,90,ply205,right-footed shot
gl1320,mt436,ply2193,13,ply664,right-footed shot
gl1321,mt436,ply1064,24,,penalty
gl1322,mt436,ply293,49,ply1070,right-footed shot
gl1323,mt436,ply1064,72,,penalty
gl1324,mt436,ply664,84,ply656,right-footed shot
gl1325,mt436,ply1064,90,ply664,right-footed shot
gl1326,mt437,ply2191,19,ply1697,right-footed shot
gl1327,mt437,ply1769,28,ply821,right-footed shot
gl1328,mt437,ply1938,65,ply1915,right-footed shot
gl1329,mt437,ply1920,90,ply2195,left-footed shot
gl1330,mt438,ply1909,55,ply394,left-footed shot
gl1331,mt438,ply645,62,ply2193,header
gl1332,mt438,ply1909,81,ply394,left-footed shot
gl1333,mt438,,83,ply664,header
gl1334,mt439,ply539,14,ply2196,left-footed shot
gl1335,mt439,ply2196,15,ply1861,right-footed shot
gl1336,mt439,ply1938,17,ply2192,right-footed shot
gl1337,mt439,ply1975,40,,header
gl1338,mt439,ply2196,90,ply539,right-footed shot
gl1339,mt440,ply1861,22,ply539,left-footed shot
gl1340,mt440,ply2191,65,ply394,right-footed shot
gl1341,mt441,ply1938,16,,penalty
gl1342,mt441,ply144,45,,free kick
gl1343,mt441,ply144,61,ply293,left-footed shot
gl1344,mt442,ply857,45,,free kick
gl1345,mt442,ply2197,58,ply828,left-footed shot
gl1346,mt442,ply835,90,ply1371,right-footed shot
gl1347,mt443,ply2198,29,,right-footed shot
gl1348,mt443,ply2198,41,,left-footed shot
gl1349,mt443,ply2063,49,ply2199,right-footed shot
gl1350,mt443,ply2199,90,,penalty
gl1351,mt444,ply2199,2,,left-footed shot
gl1352,mt445,ply497,3,,left-footed shot
gl1353,mt445,ply497,40,ply1431,right-footed shot
gl1354,mt445,ply1431,64,ply2032,left-footed shot
gl1355,mt445,ply1521,73,,right-footed shot
gl1356,mt445,ply497,90,ply10,header
gl1357,mt446,ply497,30,ply2032,right-footed shot
gl1358,mt446,ply497,43,ply2037,right-footed shot
gl1359,mt446,ply1431,50,ply497,left-footed shot
gl1360,mt447,ply831,11,ply833,header
gl1361,mt447,ply1371,55,ply2197,left-footed shot
gl1362,mt447,ply1675,78,ply2143,right-footed shot
gl1363,mt448,ply2200,4,ply2032,header
gl1364,mt448,ply2201,51,ply1239,right-footed shot
gl1365,mt448,ply2032,59,ply2028,left-footed shot
gl1366,mt449,ply831,21,ply827,right-footed shot
gl1367,mt449,ply690,23,ply827,header
gl1368,mt449,ply831,37,ply2197,header
gl1369,mt449,ply2197,40,ply831,left-footed shot
gl1370,mt449,ply827,67,ply837,right-footed shot
gl1371,mt450,ply2199,10,,penalty
gl1372,mt450,ply2202,56,,right-footed shot
gl1373,mt450,ply2133,81,ply1675,header
gl1374,mt451,ply2197,47,,left-footed shot
gl1375,mt451,ply833,59,ply831,right-footed shot
gl1376,mt452,ply2063,37,ply2201,left-footed shot
gl1377,mt452,ply2051,43,,left-footed shot
gl1378,mt452,ply2201,73,ply2199,right-footed shot
gl1379,mt453,ply2203,62,ply2146,left-footed shot
gl1380,mt453,ply1431,68,,left-footed shot
gl1381,mt453,ply2152,72,,header
gl1382,mt454,ply1076,45,ply644,penalty
gl1383,mt454,ply1076,51,ply507,penalty
gl1384,mt455,ply522,35,ply692,left-footed shot
gl1385,mt455,ply522,44,,penalty
gl1386,mt455,ply702,66,ply522,right-footed shot
gl1387,mt456,ply1110,5,ply507,left-footed shot
gl1388,mt456,ply1110,34,,left-footed shot
gl1389,mt456,ply1110,69,ply509,left-footed shot
gl1390,mt458,ply1901,26,ply730,right-footed shot
gl1391,mt458,ply2204,55,ply2205,penalty
gl1392,mt459,ply1110,17,,left-footed shot
gl1393,mt460,ply2206,15,,left-footed shot
gl1394,mt460,ply2207,37,ply266,right-footed shot
gl1395,mt460,ply2206,42,ply730,right-footed shot
gl1396,mt460,ply730,56,ply1899,right-footed shot
gl1397,mt461,ply699,65,ply507,right-footed shot
gl1398,mt461,ply1643,86,,free kick
gl1399,mt461,ply505,90,,own goal
gl1400,mt462,,59,ply699,right-footed shot
gl1401,mt463,ply2208,90,ply498,right-footed shot
gl1402,mt464,ply730,17,,right-footed shot
gl1403,mt464,ply678,47,,own goal
gl1404,mt464,ply704,87,ply2209,header
gl1405,mt465,ply2204,30,,penalty
gl1406,mt465,ply2204,68,ply1093,left-footed shot
gl1407,mt465,ply1110,80,ply699,left-footed shot
gl1408,mt466,ply725,53,ply527,left-footed shot
gl1409,mt466,ply739,60,ply527,right-footed shot
gl1410,mt467,ply2039,70,ply497,right-footed shot
gl1411,mt467,ply2039,76,,left-footed shot
gl1412,mt467,ply2210,79,ply2211,right-footed shot
gl1413,mt468,ply1805,47,ply2212,right-footed shot
gl1414,mt468,ply2212,83,ply1120,left-footed shot
gl1415,mt468,,86,,header
gl1416,mt469,ply831,60,ply837,right-footed shot
gl1417,mt469,ply294,75,ply928,left-footed shot
gl1418,mt469,ply834,87,ply818,left-footed shot
gl1419,mt472,,18,ply2193,right-footed shot
gl1420,mt472,ply2178,38,,penalty
gl1421,mt472,ply2178,45,,penalty
gl1422,mt472,ply144,85,,free kick
gl1423,mt472,ply293,90,ply640,right-footed shot
gl1424,mt473,ply96,78,,right-footed shot
gl1425,mt473,ply1887,83,,right-footed shot
gl1426,mt474,ply1801,49,ply2213,right-footed shot
gl1427,mt475,ply294,7,ply60,left-footed shot
gl1428,mt475,ply928,18,ply60,right-footed shot
gl1429,mt475,ply60,62,ply696,left-footed shot
gl1430,mt475,ply834,70,ply101,left-footed shot
gl1431,mt475,ply2214,72,,free kick
gl1432,mt476,ply498,2,,left-footed shot
gl1433,mt476,ply724,12,ply739,left-footed shot
gl1434,mt476,ply498,30,,left-footed shot
gl1435,mt476,ply704,90,,penalty
gl1436,mt477,ply2211,26,ply1479,right-footed shot
gl1437,mt477,,37,,penalty
gl1438,mt477,ply1479,52,ply864,right-footed shot
gl1439,mt477,ply844,117,ply426,penalty
gl1440,mt478,,35,,penalty
gl1441,mt478,,38,ply293,right-footed shot
gl1442,mt478,ply144,42,ply1070,left-footed shot
gl1443,mt478,ply293,56,ply144,right-footed shot
gl1444,mt478,ply652,71,ply144,left-footed shot
gl1445,mt478,ply654,78,ply144,left-footed shot
gl1446,mt478,ply1064,84,ply652,right-footed shot
gl1447,mt479,ply699,27,ply1112,header
gl1448,mt479,ply699,48,ply644,header
gl1449,mt479,ply699,86,,penalty
gl1450,mt480,ply740,17,,penalty
gl1451,mt480,ply1509,31,ply1073,left-footed shot
gl1452,mt480,ply1898,58,,right-footed shot
gl1453,mt480,ply740,78,,right-footed shot
gl1454,mt480,ply384,81,ply740,left-footed shot
gl1455,mt480,ply393,86,ply740,right-footed shot
gl1456,mt481,ply142,26,ply574,left-footed shot
gl1457,mt481,ply569,39,,own goal
gl1458,mt481,ply574,69,ply581,header
gl1459,mt481,ply142,84,ply590,header
gl1460,mt482,ply580,5,ply589,right-footed shot
gl1461,mt482,ply589,26,ply564,right-footed shot
gl1462,mt483,ply1805,78,ply691,left-footed shot
gl1463,mt484,ply699,45,ply644,header
gl1464,mt484,ply928,46,,right-footed shot
gl1465,mt485,ply684,12,,own goal
gl1466,mt486,ply699,28,ply1076,header
gl1467,mt486,ply696,34,ply294,right-footed shot
gl1468,mt486,ply126,67,ply2214,header
gl1469,mt487,ply740,16,,left-footed shot
gl1470,mt487,ply740,20,,right-footed shot
gl1471,mt487,ply1509,61,ply381,right-footed shot
gl1472,mt488,ply142,26,ply590,right-footed shot
gl1473,mt488,ply590,65,ply564,left-footed shot
gl1474,mt488,ply819,69,ply844,header
gl1475,mt488,ply589,77,ply578,header
gl1476,mt488,ply574,84,ply142,header
gl1477,mt489,ply293,4,ply653,right-footed shot
gl1478,mt489,ply1805,7,,right-footed shot
gl1479,mt489,ply1805,10,ply691,right-footed shot
gl1480,mt489,ply652,11,,left-footed shot
gl1481,mt489,ply293,21,ply653,left-footed shot
gl1482,mt489,,59,ply653,right-footed shot
gl1483,mt489,,73,ply1871,
gl1484,mt490,ply696,15,ply294,right-footed shot
gl1485,mt491,ply1073,26,ply381,right-footed shot
gl1486,mt491,ply740,75,,left-footed shot
gl1487,mt491,ply740,82,,free kick
gl1488,mt492,ply30,7,,right-footed shot
gl1489,mt492,ply1069,54,ply564,right-footed shot
gl1490,mt492,ply1069,56,ply2167,header
gl1491,mt492,ply30,79,ply564,right-footed shot
gl1492,mt493,ply126,5,ply2214,header
gl1493,mt493,ply294,35,ply60,left-footed shot
gl1494,mt493,ply1802,55,ply176,left-footed shot
gl1495,mt493,ply1802,59,,left-footed shot
gl1496,mt493,ply1802,90,ply176,left-footed shot
gl1497,mt494,ply590,2,,penalty
gl1498,mt494,ply30,87,ply569,left-footed shot
gl1499,mt495,ply2208,35,ply2209,header
gl1500,mt495,ply498,53,ply39,header
gl1501,mt495,ply704,84,ply2208,right-footed shot
gl1502,mt496,ply1652,50,ply2455,left-footed shot
gl1503,mt496,ply2456,63,,penalty
gl1504,mt496,ply2457,71,,left-footed shot
gl1505,mt497,ply2285,2,,right-footed shot
gl1506,mt497,ply2458,20,ply1105,right-footed shot
gl1507,mt497,ply2459,60,ply2458,penalty
gl1508,mt497,ply2458,69,,right-footed shot
gl1509,mt497,ply2460,76,,left-footed shot
gl1510,mt498,ply498,4,ply702,header
gl1511,mt498,ply702,19,ply494,penalty
gl1512,mt498,ply498,27,ply702,right-footed shot
gl1513,mt498,ply494,57,,left-footed shot
gl1514,mt498,ply2056,90,ply2002,left-footed shot
gl1515,mt499,ply704,64,,free kick
gl1516,mt500,ply2296,29,,right-footed shot
gl1517,mt500,ply2458,90,ply2296,right-footed shot
gl1518,mt501,ply2014,45,,own goal
gl1519,mt501,ply39,78,ply704,penalty
gl1520,mt502,ply2461,32,,left-footed shot
gl1521,mt502,ply2462,65,,right-footed shot
gl1522,mt502,,79,,right-footed shot
gl1523,mt503,ply2051,13,ply2463,left-footed shot
gl1524,mt503,,56,,own goal
gl1525,mt504,ply2285,89,ply2464,right-footed shot
gl1526,mt505,ply2465,5,ply2285,header
gl1527,mt505,ply2458,65,ply642,header
gl1528,mt506,ply2462,45,ply2456,
gl1529,mt506,ply498,64,ply522,left-footed shot
gl1530,mt506,ply704,66,ply1643,left-footed shot
gl1531,mt507,ply398,12,ply398,penalty
gl1532,mt507,ply583,65,ply135,right-footed shot
gl1533,mt507,ply135,90,ply1469,right-footed shot
gl1534,mt508,ply741,19,ply523,right-footed shot
gl1535,mt508,ply739,34,ply741,right-footed shot
gl1536,mt508,ply1840,40,ply1840,penalty
gl1537,mt508,ply2466,83,,own goal
gl1538,mt508,ply1840,85,ply2467,header
gl1539,mt509,ply2468,2,ply741,right-footed shot
gl1540,mt509,ply1840,31,ply739,right-footed shot
gl1541,mt509,ply741,63,,right-footed shot
gl1542,mt510,,38,ply2469,right-footed shot
gl1543,mt510,ply2470,50,,left-footed shot
gl1544,mt510,,90,ply2471,left-footed shot
gl1545,mt511,ply739,3,ply735,right-footed shot
gl1546,mt511,ply1840,44,ply739,header
gl1547,mt511,ply741,66,,free kick
gl1548,mt511,ply527,88,,left-footed shot
gl1549,mt512,ply143,17,,right-footed shot
gl1550,mt512,ply135,29,ply140,header
gl1551,mt512,ply199,51,,header
gl1552,mt513,ply735,30,ply739,right-footed shot
gl1553,mt513,ply741,45,ply922,right-footed shot
gl1554,mt513,ply2467,52,,left-footed shot
gl1555,mt513,ply2467,72,ply1021,header
gl1556,mt513,ply2467,78,ply527,left-footed shot
gl1557,mt514,ply140,22,ply124,left-footed shot
gl1558,mt514,ply2267,74,ply2472,left-footed shot
gl1559,mt514,ply1464,77,ply816,header
gl1560,mt515,ply398,51,ply1092,right-footed shot
gl1561,mt515,ply2473,63,,right-footed shot
gl1562,mt515,ply1092,77,ply135,header
gl1563,mt516,ply1707,1,ply2471,
gl1564,mt516,ply741,9,ply523,left-footed shot
gl1565,mt516,ply741,22,ply735,left-footed shot
gl1566,mt516,ply1840,28,ply741,right-footed shot
gl1567,mt516,ply739,35,ply726,right-footed shot
gl1568,mt516,ply735,75,,right-footed shot
gl1569,mt516,ply1840,79,ply2467,right-footed shot
gl1570,mt516,ply2468,80,ply1021,
gl1571,mt517,ply398,8,ply140,left-footed shot
gl1572,mt517,ply1092,37,ply1390,header
gl1573,mt517,ply739,50,ply1840,header
gl1574,mt517,ply1092,69,ply140,right-footed shot
gl1575,mt518,,62,,own goal
gl1576,mt520,ply1326,5,ply1900,right-footed shot
gl1577,mt520,ply76,30,,right-footed shot
gl1578,mt520,ply273,55,ply2474,header
gl1579,mt520,ply18,71,,
gl1580,mt520,ply1901,76,ply18,right-footed shot
gl1581,mt520,ply2378,82,ply76,own goal
gl1582,mt521,ply2200,7,ply2032,header
gl1583,mt521,ply497,15,ply2037,right-footed shot
gl1584,mt521,ply2475,28,ply2476,right-footed shot
gl1585,mt522,ply115,40,ply127,penalty
gl1586,mt522,ply118,60,ply832,header
gl1587,mt522,ply1901,90,ply383,right-footed shot
gl1588,mt524,ply2477,11,,right-footed shot
gl1589,mt524,ply832,37,ply118,right-footed shot
gl1590,mt524,,40,,left-footed shot
gl1591,mt524,ply497,64,ply2478,left-footed shot
gl1592,mt524,ply497,70,,header
gl1593,mt524,ply832,75,ply1326,header
gl1594,mt525,ply2037,1,ply497,right-footed shot
gl1595,mt525,ply2037,36,ply2165,right-footed shot
gl1596,mt525,,63,,right-footed shot
gl1597,mt526,,40,ply2479,header
gl1598,mt526,ply1873,56,ply115,right-footed shot
gl1599,mt527,ply832,21,,penalty
gl1600,mt527,ply1900,36,ply832,right-footed shot
gl1601,mt527,ply2474,73,,penalty
gl1602,mt527,ply1900,85,ply1326,right-footed shot
gl1603,mt528,ply115,69,ply114,left-footed shot
gl1604,mt528,ply1903,86,ply115,right-footed shot
gl1605,mt529,ply113,56,,header
gl1606,mt529,ply103,75,,own goal
gl1607,mt530,,53,,header
gl1608,mt531,ply740,45,ply1073,left-footed shot
gl1609,mt531,ply863,56,,left-footed shot
gl1610,mt531,ply740,69,ply2480,left-footed shot
gl1611,mt532,,2,ply843,header
gl1612,mt532,ply2009,13,,right-footed shot
gl1613,mt532,ply689,43,ply940,right-footed shot
gl1614,mt532,ply2481,89,,left-footed shot
gl1615,mt532,ply2481,90,,left-footed shot
gl1616,mt533,ply1869,69,ply1471,right-footed shot
gl1617,mt533,,80,,right-footed shot
gl1618,mt534,ply940,49,,own goal
gl1619,mt535,ply2482,18,,own goal
gl1620,mt535,ply740,61,,free kick
gl1621,mt535,ply2483,64,ply740,left-footed shot
gl1622,mt535,ply2482,90,ply1381,header
gl1623,mt536,ply505,12,,own goal
gl1624,mt536,ply1076,29,,free kick
gl1625,mt536,,84,ply1471,header
gl1626,mt538,ply2484,20,,right-footed shot
gl1627,mt538,ply1869,79,ply509,right-footed shot
gl1628,mt540,ply2485,40,ply2009,right-footed shot
gl1629,mt540,ply2484,43,,left-footed shot
gl1630,mt540,ply2485,66,ply689,header
gl1631,mt540,ply2486,86,,
gl1632,mt541,ply1098,59,ply2487,header
gl1633,mt541,,90,,own goal
gl1634,mt542,ply509,15,ply505,left-footed shot
gl1635,mt542,ply1112,90,,left-footed shot
gl1636,mt543,ply2007,5,ply2488,right-footed shot
gl1637,mt543,ply589,21,ply1006,right-footed shot
gl1638,mt543,ply590,37,,right-footed shot
gl1639,mt543,ply496,72,ply86,right-footed shot
gl1640,mt544,,59,,right-footed shot
gl1641,mt544,ply2489,85,ply2490,right-footed shot
gl1642,mt545,ply2491,23,,free kick
gl1643,mt545,ply1509,31,ply142,right-footed shot
gl1644,mt546,ply2007,27,ply496,right-footed shot
gl1645,mt546,ply2007,38,ply2492,left-footed shot
gl1646,mt546,ply2007,83,ply2493,penalty
gl1647,mt547,ply1484,18,,header
gl1648,mt547,ply14,30,,left-footed shot
gl1649,mt547,ply2494,58,ply1484,left-footed shot
gl1650,mt547,ply2495,67,,left-footed shot
gl1651,mt547,ply2496,74,,right-footed shot
gl1652,mt547,ply1484,90,,right-footed shot
gl1653,mt548,ply589,4,ply590,right-footed shot
gl1654,mt548,ply1509,13,ply581,right-footed shot
gl1655,mt548,ply590,19,ply589,left-footed shot
gl1656,mt548,ply590,40,ply1006,left-footed shot
gl1657,mt548,ply589,54,ply1509,header
gl1658,mt548,ply582,86,,right-footed shot
gl1659,mt548,ply564,90,,right-footed shot
gl1660,mt549,ply1788,30,ply2497,header
gl1661,mt549,ply2497,59,ply733,left-footed shot
gl1662,mt549,ply1463,78,,right-footed shot
gl1663,mt550,ply590,49,ply564,back heel
gl1664,mt550,ply209,64,ply581,right-footed shot
gl1665,mt550,,90,ply1006,left-footed shot
gl1666,mt551,ply1463,82,ply2494,left-footed shot
gl1667,mt551,ply2498,90,,right-footed shot
gl1668,mt552,ply589,2,ply1069,left-footed shot
gl1669,mt552,ply142,22,ply589,header
gl1670,mt552,ply589,30,,left-footed shot
gl1671,mt552,ply2007,51,ply2497,header
gl1672,mt552,ply2007,60,ply2007,penalty
gl1673,mt552,ply2499,90,,left-footed shot
gl1674,mt553,ply1509,4,ply590,penalty
gl1675,mt553,ply1509,15,ply589,left-footed shot
gl1676,mt553,ply589,19,ply142,right-footed shot
gl1677,mt553,ply142,47,ply581,right-footed shot
gl1678,mt553,ply1509,50,ply581,left-footed shot
gl1679,mt553,ply142,76,,right-footed shot
gl1981,mt644,ply2480,59,ply741,right-footed shot
gl1982,mt644,ply740,60,ply1073,left-footed shot
gl1983,mt644,ply1073,75,ply741,left-footed shot
gl1984,mt644,ply1073,88,ply740,right-footed shot
gl1985,mt645,,9,,right-footed shot
gl1986,mt645,,28,ply656,penalty
gl1987,mt645,,77,ply293,left-footed shot
gl1988,mt645,ply2671,90,ply144,left-footed shot
gl1989,mt646,ply212,34,ply210,right-footed shot
gl1990,mt646,,65,ply741,right-footed shot
gl1991,mt646,ply384,74,,right-footed shot
gl1992,mt647,ply1707,3,ply1168,header
gl1993,mt647,ply1067,12,,left-footed shot
gl1994,mt647,ply293,20,,own goal
gl1995,mt647,ply293,28,ply2193,right-footed shot
gl1996,mt647,ply1707,47,,right-footed shot
gl1997,mt647,ply2724,55,,right-footed shot
gl1998,mt648,ply1148,57,ply2725,right-footed shot
gl1999,mt648,ply2725,77,ply1148,right-footed shot
gl2000,mt649,ply740,17,,left-footed shot
gl2001,mt649,ply740,61,ply2480,left-footed shot
gl2002,mt649,ply740,69,ply1073,left-footed shot
gl2003,mt649,ply741,89,ply740,right-footed shot
gl2004,mt650,ply1148,32,ply212,right-footed shot
gl2005,mt650,ply1707,76,ply1707,penalty
gl2006,mt651,ply740,21,ply741,left-footed shot
gl2007,mt651,ply656,39,ply293,left-footed shot
gl2008,mt651,ply653,51,,free kick
gl2009,mt651,ply656,74,,right-footed shot
gl2010,mt652,,23,ply1148,right-footed shot
gl2011,mt652,ply2193,45,ply653,left-footed shot
gl2012,mt653,ply740,24,ply741,left-footed shot
gl2013,mt653,ply740,55,ply1073,penalty
gl2014,mt654,ply740,16,,left-footed shot
gl2015,mt654,,50,ply2487,header
gl2016,mt654,,53,ply2726,right-footed shot
gl2017,mt654,,67,ply1098,right-footed shot
gl2018,mt655,ply2470,4,ply2466,left-footed shot
gl2019,mt655,ply2671,8,ply2724,left-footed shot
gl2020,mt656,ply398,28,ply398,penalty
gl2021,mt656,ply143,45,ply816,left-footed shot
gl2022,mt656,ply135,53,ply1471,right-footed shot
gl2023,mt656,ply135,60,ply724,header
gl2024,mt656,ply724,90,ply2188,left-footed shot
gl2025,mt657,ply113,43,,left-footed shot
gl2026,mt658,ply107,35,ply115,left-footed shot
gl2027,mt659,ply2616,8,ply1050,right-footed shot
gl2028,mt659,,14,ply1492,right-footed shot
gl2029,mt659,ply2616,37,ply1115,right-footed shot
gl2030,mt659,ply1492,45,,header
gl2031,mt660,ply143,13,,left-footed shot
gl2032,mt660,ply135,21,ply816,header
gl2033,mt660,ply2727,41,ply2166,right-footed shot
gl2034,mt660,ply398,59,,header
gl2035,mt660,,84,ply583,header
gl2036,mt661,ply107,62,,left-footed shot
gl2037,mt662,ply115,28,ply107,left-footed shot
gl2038,mt662,ply1115,30,ply2616,right-footed shot
gl2039,mt662,ply115,90,,left-footed shot
gl2040,mt663,ply93,14,,header
gl2041,mt663,ply398,34,,penalty
gl2042,mt663,ply398,74,ply816,right-footed shot
gl2043,mt664,ply1471,35,,left-footed shot
gl2044,mt664,ply1115,44,ply2616,right-footed shot
gl2045,mt664,ply2616,50,ply2728,penalty
gl2046,mt664,ply724,52,ply2188,left-footed shot
gl2047,mt664,ply2728,67,,free kick
gl2048,mt665,ply1903,55,ply115,right-footed shot
gl2049,mt665,ply115,66,,left-footed shot
gl2050,mt666,ply398,28,,free kick
gl2051,mt668,ply2729,9,ply489,right-footed shot
gl2052,mt668,ply489,15,ply759,left-footed shot
gl2053,mt668,ply2462,36,ply1253,left-footed shot
gl2054,mt668,ply2730,38,,right-footed shot
gl2055,mt669,ply652,15,,left-footed shot
gl2056,mt669,ply111,31,,left-footed shot
gl2057,mt669,ply2522,45,ply867,header
gl2058,mt670,ply2731,74,ply2729,header
gl2059,mt670,ply2518,90,ply2732,right-footed shot
gl2060,mt671,ply1805,71,ply867,right-footed shot
gl2061,mt673,,34,,left-footed shot
gl2062,mt673,ply652,87,,left-footed shot
gl2063,mt674,ply2733,13,,right-footed shot
gl2064,mt674,ply2512,29,ply647,right-footed shot
gl2065,mt674,ply2512,41,ply2733,left-footed shot
gl2066,mt675,ply759,65,,right-footed shot
gl2067,mt676,ply1876,16,ply759,right-footed shot
gl2068,mt676,ply2463,76,,penalty
gl2069,mt677,ply1960,48,ply647,header
gl2070,mt677,ply1801,52,ply176,penalty
gl2071,mt677,ply111,53,ply1960,left-footed shot
gl2072,mt678,ply2734,30,ply414,right-footed shot
gl2073,mt678,ply208,48,ply489,right-footed shot
gl2074,mt678,,82,,own goal
gl2075,mt679,ply2462,33,ply2735,right-footed shot
gl2076,mt679,ply176,38,ply691,right-footed shot
gl2077,mt679,ply1801,45,,right-footed shot
gl2078,mt679,ply2041,77,,own goal
gl2079,mt680,ply1888,7,ply393,header
gl2080,mt680,ply1374,15,ply198,header
gl2081,mt680,ply2736,17,,right-footed shot
gl2082,mt680,ply198,51,,left-footed shot
gl2083,mt680,,76,ply292,right-footed shot
gl2084,mt680,ply290,87,,left-footed shot
gl2085,mt681,ply2484,48,,left-footed shot
gl2086,mt681,ply699,89,,free kick
gl2087,mt681,ply118,90,ply1390,header
gl2088,mt682,ply699,17,ply2197,right-footed shot
gl2089,mt682,ply290,43,,right-footed shot
gl2090,mt682,ply686,68,,right-footed shot
gl2091,mt682,,87,ply292,left-footed shot
gl2092,mt683,ply2737,28,,left-footed shot
gl2093,mt683,ply2485,37,ply2738,right-footed shot
gl2094,mt684,ply2197,16,ply510,left-footed shot
gl2095,mt684,ply2739,20,,own goal
gl2096,mt684,,22,,penalty
gl2097,mt684,ply834,37,ply699,left-footed shot
gl2098,mt684,ply833,68,ply118,right-footed shot
gl2099,mt684,ply118,84,ply699,right-footed shot
gl2100,mt685,ply290,9,ply1888,left-footed shot
gl2101,mt685,ply1144,43,,right-footed shot
gl2102,mt685,ply2484,67,ply2740,ind. free kick
gl2103,mt686,ply2741,12,ply2742,header
gl2104,mt687,ply2197,1,ply699,left-footed shot
gl2105,mt687,ply831,35,ply2197,right-footed shot
gl2106,mt687,ply2486,40,ply2743,left-footed shot
gl2107,mt687,,58,ply2744,right-footed shot
gl2108,mt687,ply2744,83,ply2745,right-footed shot
gl2109,mt687,ply286,85,ply818,right-footed shot
gl2110,mt688,ply2745,10,ply2486,right-footed shot
gl2111,mt688,ply2521,17,ply393,header
gl2112,mt688,ply2521,18,ply393,left-footed shot
gl2113,mt688,,20,,
gl2114,mt688,ply2745,24,ply2746,right-footed shot
gl2115,mt688,ply393,29,ply225,right-footed shot
gl2116,mt688,ply225,32,ply2521,right-footed shot
gl2117,mt688,ply225,52,ply393,right-footed shot
gl2118,mt688,ply2747,57,,right-footed shot
gl2119,mt688,ply202,81,,header
gl2120,mt688,ply2748,83,,right-footed shot
gl2121,mt688,ply2749,90,,own goal
gl2122,mt689,ply686,29,ply699,left-footed shot
gl2123,mt689,ply2738,80,,penalty
gl2124,mt689,ply831,87,ply729,header
gl2125,mt690,ply2743,30,ply2745,right-footed shot
gl2126,mt691,ply831,28,ply818,right-footed shot
gl2127,mt691,ply831,53,ply1390,header
gl2128,mt691,ply290,60,,right-footed shot
gl2129,mt691,ply225,88,ply290,left-footed shot
gl2130,mt692,ply2660,5,,right-footed shot
gl2131,mt692,ply664,29,,free kick
gl2132,mt692,ply664,61,,penalty
gl2133,mt693,ply422,13,ply763,right-footed shot
gl2134,mt693,ply2584,52,,header
gl2135,mt694,ply2750,53,,own goal
gl2136,mt694,ply853,64,ply2751,left-footed shot
gl2137,mt694,ply2752,69,ply2753,left-footed shot
gl2138,mt694,ply2754,90,ply2753,header
gl2139,mt695,ply2755,25,ply664,header
gl2140,mt696,ply2756,12,ply323,right-footed shot
gl2141,mt696,ply2511,68,ply422,right-footed shot
gl2142,mt696,ply763,90,ply864,penalty
gl2143,mt697,ply664,40,ply2755,left-footed shot
gl2144,mt699,ply763,37,ply844,header
gl2145,mt701,ply2757,5,ply2758,left-footed shot
gl2146,mt701,ply664,30,ply2660,penalty
gl2147,mt701,,52,,right-footed shot
gl2148,mt702,ply307,8,,own goal
gl2149,mt702,ply2754,15,ply2753,header
gl2150,mt703,ply763,6,ply864,header
gl2151,mt703,ply864,26,ply844,left-footed shot
gl2152,mt703,ply2172,44,ply2515,back heel
gl2153,mt703,ply763,64,ply763,penalty
gl2154,mt703,ply586,77,ply763,right-footed shot
gl2155,mt705,ply1092,13,ply2759,header
gl2156,mt705,ply2760,49,ply1909,right-footed shot
gl2157,mt705,ply1909,57,ply1092,left-footed shot
gl2158,mt706,ply1076,24,,right-footed shot
gl2159,mt706,ply1869,31,ply1076,left-footed shot
gl2160,mt706,ply1110,57,ply2468,left-footed shot
gl2161,mt706,ply2468,85,,free kick
gl2162,mt707,ply2007,53,ply2761,header
gl2163,mt708,,37,ply2762,left-footed shot
gl2164,mt709,ply509,76,ply2468,right-footed shot
gl2165,mt710,ply1869,13,,penalty
gl2166,mt710,ply1092,84,ply187,header
gl2167,mt711,ply2761,31,ply2492,left-footed shot
gl2168,mt711,ply2488,66,ply2763,right-footed shot
gl2169,mt711,ply2764,80,ply733,header
gl2170,mt711,ply2007,87,ply2762,right-footed shot
gl2171,mt712,ply1708,72,ply2759,left-footed shot
gl2172,mt713,,9,,right-footed shot
gl2173,mt713,,45,ply507,penalty
gl2174,mt713,ply507,84,,left-footed shot
gl2175,mt713,,90,,right-footed shot
gl2176,mt714,ply1869,52,ply2765,right-footed shot
gl2177,mt714,ply513,73,ply1076,header
gl2178,mt716,,48,,left-footed shot
gl2179,mt717,ply527,18,,free kick
gl2180,mt717,ply922,40,ply735,right-footed shot
gl2181,mt717,ply527,55,ply922,left-footed shot
gl2182,mt717,ply1840,72,ply201,right-footed shot
gl2183,mt718,ply1884,8,ply2169,right-footed shot
gl2184,mt718,ply831,18,ply818,header
gl2185,mt718,ply827,49,ply699,right-footed shot
gl2186,mt718,ply690,54,,right-footed shot
gl2187,mt719,,11,ply1471,left-footed shot
gl2188,mt719,ply1088,30,,right-footed shot
gl2189,mt719,ply398,53,,header
gl2190,mt719,ply583,56,ply398,right-footed shot
gl2191,mt719,ply583,63,,right-footed shot
gl2192,mt719,ply143,88,ply583,left-footed shot
gl2193,mt720,ply293,26,ply144,right-footed shot
gl2194,mt720,ply2512,32,ply577,header
gl2195,mt720,ply739,40,ply577,right-footed shot
gl2196,mt720,,58,ply293,right-footed shot
gl2197,mt720,ply2512,61,ply111,right-footed shot
gl2198,mt720,,71,ply2193,right-footed shot
gl2199,mt720,ply649,77,,right-footed shot
gl2200,mt720,ply144,82,,right-footed shot
gl2201,mt721,ply113,17,,left-footed shot
gl2202,mt721,ply115,25,ply1903,left-footed shot
gl2203,mt721,ply1547,48,ply751,right-footed shot
gl2204,mt721,ply1903,59,ply1903,penalty
gl2205,mt721,ply103,68,,own goal
gl2206,mt721,,86,ply1378,header
gl2207,mt722,ply2766,72,,right-footed shot
gl2208,mt722,ply2468,74,ply505,left-footed shot
gl2209,mt723,ply733,25,ply2488,header
gl2210,mt723,ply496,62,ply2767,right-footed shot
gl2211,mt723,ply2672,73,,right-footed shot
gl2212,mt724,ply1650,24,ply2169,left-footed shot
gl2213,mt724,ply729,51,ply827,header
gl2214,mt724,ply1650,57,,own goal
gl2215,mt724,ply118,90,,right-footed shot
gl2216,mt725,ply2709,20,ply26,right-footed shot
gl2217,mt725,ply398,55,ply398,penalty
gl2218,mt725,,68,,left-footed shot
gl2219,mt725,ply1471,78,ply2186,left-footed shot
gl2220,mt725,ply1086,80,,right-footed shot
gl2221,mt725,ply1086,85,ply1471,right-footed shot
gl2222,mt726,ply290,4,ply292,header
gl2223,mt726,ply292,59,,right-footed shot
gl2224,mt726,ply290,61,,right-footed shot
gl2225,mt726,ply290,85,ply2768,right-footed shot
gl2226,mt727,ply1073,3,,header
gl2227,mt727,ply2467,40,,own goal
gl2228,mt727,ply740,50,ply741,penalty
gl2229,mt727,ply1840,62,ply2467,right-footed shot
gl2230,mt727,ply741,88,,free kick
gl2231,mt727,ply741,90,ply1073,penalty
gl2232,mt727,ply392,90,ply741,right-footed shot
gl2233,mt728,ply1110,42,,penalty
gl2234,mt729,,27,ply664,right-footed shot
gl2235,mt729,ply2660,54,,left-footed shot
gl2236,mt730,ply739,8,ply652,right-footed shot
gl2237,mt730,ply577,29,ply647,right-footed shot
gl2238,mt730,ply144,71,,left-footed shot
gl2239,mt730,ply18,77,ply111,header
gl2240,mt732,ply1110,7,ply509,left-footed shot
gl2241,mt732,ply1110,22,,left-footed shot
gl2242,mt732,ply2769,55,ply1076,header
gl2243,mt733,ply739,19,ply111,right-footed shot
gl2244,mt733,,35,,own goal
gl2245,mt733,ply393,57,ply2521,left-footed shot
gl2246,mt733,ply739,79,,right-footed shot
gl2247,mt733,ply2521,84,,left-footed shot
gl2248,mt734,ply115,28,ply115,penalty
gl2249,mt735,ply1086,25,ply583,header
gl2250,mt735,ply699,47,ply818,right-footed shot
gl2251,mt735,ply699,77,ply834,right-footed shot
gl2252,mt736,ply113,26,ply2163,header
gl2253,mt736,ply2672,61,,right-footed shot
gl2254,mt737,ply398,53,,penalty
gl2255,mt737,ply699,76,ply690,header
gl2256,mt737,ply729,78,,own goal
gl2257,mt737,ply699,105,ply729,left-footed shot
gl2258,mt737,ply699,110,ply1371,right-footed shot
gl2259,mt737,ply834,112,,right-footed shot
gl2260,mt739,ply739,3,ply647,right-footed shot
gl2261,mt739,ply2512,17,ply111,header
gl2262,mt739,ply225,48,ply393,right-footed shot
gl2263,mt739,ply2733,81,ply111,right-footed shot
gl2264,mt740,ply699,10,ply690,header
gl2265,mt740,ply699,73,,right-footed shot
gl2266,mt740,ply699,86,ply833,right-footed shot
gl2267,mt741,ply1869,29,ply2468,right-footed shot
gl2268,mt741,ply1869,59,ply2468,left-footed shot
gl2269,mt742,,33,ply2468,left-footed shot
gl2270,mt742,ply2468,44,,right-footed shot
gl2271,mt742,ply739,69,ply2514,right-footed shot
gl2272,mt743,ply113,12,ply109,header
gl2273,mt743,ply115,16,,penalty
gl2274,mt743,ply857,42,,right-footed shot
gl2275,mt744,ply699,20,ply818,right-footed shot
gl2276,mt744,,27,ply1869,bicycle kick
gl2277,mt744,ply690,61,,right-footed shot
gl2278,mt744,ply699,64,ply828,right-footed shot
gl2279,mt744,ply834,90,ply1371,left-footed shot
